t,Close,High,Low,n,Open,Volume,vw
2022-12-01,171.36,172.61,166.35,16209,170.0,1119835,170.722113
2022-12-02,168.84,169.31,164.54,11133,166.66,770277,167.087419
2022-12-05,166.05,169.935,164.79,9051,166.775,706519,167.103133
2022-12-06,159.87,165.56,158.23,7176,165.41,544792,160.6529
2022-12-07,161.16,161.83,156.76,8925,157.725,666649,160.136949
2022-12-08,171.66,171.79,159.61,11257,162.58,1037869,167.332197
2022-12-09,169.99,175.81,169.76,12068,171.755,1038087,172.932103
2022-12-12,175.35,175.35,168.03,9560,170.4,871682,172.14321
2022-12-13,180.71,187.83,177.12,13394,185.505,1041620,182.543979
2022-12-14,176.74,182.5,174.24,11465,179.98,932851,178.806544
2022-12-15,169.5,173.15,167.0,19441,171.655,1635780,169.354752
2022-12-16,165.73,170.35,164.12,7725,168.61,611097,166.300765
2022-12-19,162.59,166.02,161.48,7672,165.805,681896,162.789517
2022-12-20,160.88,163.08,158.53,7015,160.57,496545,161.153995
2022-12-21,164.96,166.24,161.03,6239,161.08,510564,164.706438
2022-12-22,153.42,160.99,148.83,11901,160.58,999462,153.246224
2022-12-23,152.07,153.35,148.85,7480,151.9,571491,151.260894
2022-12-27,141.22,150.815,140.57,10136,150.76,916099,143.974985
2022-12-28,140.385,142.55,138.85,9323,139.275,838009,140.566986
2022-12-29,146.01,146.82,142.27,8684,144.165,677107,145.2885
2022-12-30,146.15,146.27,142.42,7177,143.12,437836,144.574214
2023-01-03,143.16,149.96,141.0,9571,148.655,781290,143.505942
2023-01-04,147.49,148.49,142.49,9115,145.68,849020,146.16872
2023-01-05,142.7,145.6,141.5,7508,144.87,567008,143.058872
2023-01-06,148.6,150.09,140.34,9788,144.7,735783,145.95949
2023-01-09,156.38,160.46,151.52,12068,153.17,900099,157.937959
2023-01-10,159.13,159.61,154.83,7744,154.86,579534,157.434938
2023-01-11,160.07,160.16,155.71,7907,158.405,649407,158.188048
2023-01-12,165.14,166.34,154.93,12749,161.11,1055887,162.190722
2023-01-13,168.96,169.22,161.67,9982,162.42,732697,166.784854
2023-01-17,176.99,177.23,169.0,12491,169.0,918410,174.806295
2023-01-18,173.745,178.705,172.83,10580,176.755,928608,175.302255
2023-01-19,167.645,171.97,167.32,11204,170.41,969621,169.506675
2023-01-20,178.38,178.45,168.27,11994,170.18,1049505,174.265183
2023-01-23,191.91,192.435,178.21,11937,180.68,1109207,188.219924
2023-01-24,192.59,194.83,188.29,7589,188.34,534661,191.515885
2023-01-25,193.34,193.66,185.8,10396,189.07,937467,189.59209
2023-01-26,197.98,201.41,192.8,11436,197.19,930152,196.345104
2023-01-27,203.57,206.28,194.14,12530,194.59,1044397,201.750344
2023-01-30,191.63,201.34,191.52,10990,199.62,919502,195.749139
2023-01-31,195.42,196.82,189.53,11558,191.75,986153,193.936613
2023-02-01,209.45,211.88,196.16,13640,197.07,1076683,204.164487
2023-02-02,217.15,219.48,209.705,14258,210.22,1031656,214.358576
2023-02-03,210.98,217.375,207.95,12371,209.92,887293,213.206485
2023-02-06,210.89,215.68,207.88,10398,207.94,686001,212.09396
2023-02-07,221.72,222.55,211.52,12039,213.695,883512,216.981913
2023-02-08,222.17,228.735,220.22,13219,223.86,892849,224.294472
2023-02-09,223.37,230.19,221.25,11198,226.31,899299,226.821295
2023-02-10,212.59,220.7,208.13,11700,216.73,917987,213.437569
2023-02-13,217.85,220.455,209.67,7160,215.36,525486,216.596979
2023-02-14,229.71,230.46,213.9,10605,215.72,756301,225.779877
2023-02-15,227.61,228.41,221.15,7879,225.475,554991,225.126462
2023-02-16,220.0,225.45,219.36,9122,221.245,695092,222.159018
2023-02-17,213.86,217.24,209.79,10780,216.36,741153,213.335429
2023-02-21,206.55,214.79,206.37,6919,209.625,494408,209.811236
2023-02-22,207.69,210.84,204.22,14436,207.28,740387,207.536006
2023-02-23,236.51,238.8,230.25,31223,234.46,2079187,235.323844
2023-02-24,232.91,234.67,229.53,11663,231.78,830589,231.947397
2023-02-27,234.98,238.67,234.62,7589,236.86,543239,236.61471
2023-02-28,232.215,238.23,232.215,7575,233.59,534382,235.235625
2023-03-01,227.06,232.53,225.11,8190,232.04,549187,227.810722
2023-03-02,233.06,233.8,224.32,7330,224.715,493603,229.573507
2023-03-03,238.89,239.0,231.37,7339,233.32,532130,235.57553
2023-03-06,235.57,242.47,234.96,6953,239.21,508532,239.024755
2023-03-07,232.92,241.23,232.44,10708,236.08,755697,236.572068
2023-03-08,241.84,241.97,234.29,8937,234.47,668719,238.654516
2023-03-09,234.47,244.5,233.89,10223,241.84,744181,238.956928
2023-03-10,229.71,236.25,227.29,10432,234.02,799957,230.836758
2023-03-13,229.62,232.77,223.12,9786,227.405,620573,228.96915
2023-03-14,240.53,242.14,234.735,12178,235.04,799344,239.092116
2023-03-15,242.3,242.79,233.65,13036,237.53,813862,238.104323
2023-03-16,255.51,255.87,238.98,20539,240.09,1127916,249.196119
2023-03-17,257.24,263.98,256.7,16034,259.635,1075100,259.727105
2023-03-20,258.89,260.18,251.38,8305,256.21,580473,257.009533
2023-03-21,261.83,263.88,253.82,15527,261.69,1147478,259.852469
2023-03-22,264.7,275.88,262.5,15531,264.24,1074474,270.194095
2023-03-23,271.96,274.98,266.93,12815,271.19,738243,271.872454
2023-03-24,267.82,271.59,263.57,12028,270.2,688886,266.308377
2023-03-27,265.32,269.91,263.65,6500,268.32,437625,266.422454
2023-03-28,264.08,265.1,258.5,7403,264.69,527296,261.46132
2023-03-29,269.9,270.67,266.2,7023,268.49,478855,269.103386
2023-03-30,273.96,274.99,271.07,6047,272.275,424250,273.369461
2023-03-31,277.825,278.31,271.05,10368,271.33,698549,275.755482
2023-04-03,279.665,280.0,273.45,8286,275.09,486769,276.980516
2023-04-04,274.68,279.85,273.09,8438,279.77,561101,276.094358
2023-04-05,268.78,269.94,263.95,11360,268.01,681739,266.74767
2023-04-06,270.3,270.8,264.36,10998,265.92,698341,268.731527
2023-04-10,275.895,276.18,266.74,7903,268.09,494785,272.320139
2023-04-11,271.66,277.75,271.295,7693,277.17,431883,273.204812
2023-04-12,264.99,274.56,264.49,12018,273.6,674993,267.418556
2023-04-13,264.6,268.825,263.34,9772,267.28,635560,266.62113
2023-04-14,267.6,268.78,262.22,8978,265.04,534425,265.519312
2023-04-17,269.99,270.02,264.4,5589,265.6,334025,267.426129
2023-04-18,276.62,281.06,273.58,11707,275.305,684763,277.773238
2023-04-19,279.38,280.0,272.4,7377,273.53,414997,277.380182
2023-04-20,271.06,280.26,270.03,10958,276.67,599851,275.182661
2023-04-21,271.27,271.82,267.32,6225,269.545,347464,269.913777
2023-04-24,270.38,273.65,266.78,5444,270.175,317216,270.008908
2023-04-25,262.27,272.34,262.26,7734,270.77,485385,265.751027
2023-04-26,269.58,273.24,267.1,9871,270.02,532243,270.312502
2023-04-27,272.17,274.94,266.345,9403,273.415,539086,269.994964
2023-04-28,277.44,277.55,270.765,9290,272.68,464267,274.337568
2023-05-01,289.05,290.51,277.89,11398,278.5,756640,285.857226
2023-05-02,282.065,288.23,280.85,8578,286.74,488270,283.647967
2023-05-03,278.02,283.58,274.74,10563,278.21,668604,278.971639
2023-05-04,275.59,278.465,272.46,9062,276.52,609414,275.510273
2023-05-05,286.8,287.505,277.325,7018,278.41,455333,284.225404
2023-05-08,291.5,292.17,283.655,6741,285.24,493368,288.465324
2023-05-09,285.79,289.7,284.52,5978,288.74,402345,286.369122
2023-05-10,288.74,290.99,284.665,8138,290.155,503206,288.686848
2023-05-11,285.81,289.37,282.46,5836,289.295,490051,285.299077
2023-05-12,283.36,287.74,280.56,5060,285.36,320809,283.705074
2023-05-15,289.56,289.65,281.63,5843,285.07,335578,286.561523
2023-05-16,292.08,298.7,288.47,10962,288.47,666197,294.84921
2023-05-17,301.83,301.99,294.49,9335,295.83,539831,298.53448
2023-05-18,316.72,318.27,303.345,14620,304.31,751990,313.219205
2023-05-19,312.65,315.73,309.2,15596,314.89,673789,312.384415
2023-05-22,311.8,315.14,306.82,8805,309.095,511126,311.867865
2023-05-23,306.95,312.63,306.35,7769,310.08,440889,309.21393
2023-05-24,305.46,306.02,298.07,18542,302.115,986611,301.459391
2023-05-25,379.57,394.75,366.35,52094,385.45,3738908,381.552238
2023-05-26,389.24,391.67,375.62,18964,378.66,1299157,384.131121
2023-05-30,401.22,419.34,399.5,33697,405.97,2107942,407.676352
2023-05-31,378.615,402.8,378.23,30725,394.21,1822701,386.693875
2023-06-01,397.78,400.35,383.4,19287,384.53,1050892,392.402386
2023-06-02,393.3,405.0,390.74,14547,400.94,676680,396.130087
2023-06-05,391.7,395.64,387.16,14512,389.09,1107794,390.726256
2023-06-06,386.62,391.45,381.48,6931,388.27,383106,387.106562
2023-06-07,374.89,394.92,373.58,11568,389.01,618837,383.448257
2023-06-08,384.99,388.62,375.08,15043,377.275,613014,383.576647
2023-06-09,387.79,396.99,385.78,10801,390.505,592893,391.134466
2023-06-12,394.91,395.23,386.25,18870,391.87,874260,389.785419
2023-06-13,410.3,410.99,397.55,12772,401.81,747400,405.311623
2023-06-14,429.82,430.0,405.59,20365,408.41,1180129,419.661758
2023-06-15,426.56,432.71,421.54,24186,426.33,831757,427.588005
2023-06-16,427.01,437.17,426.63,24101,435.0,973093,432.736402
2023-06-20,438.25,439.885,426.86,17028,429.88,637396,431.906723
2023-06-21,430.42,436.09,420.87,12720,435.11,749660,427.807592
2023-06-22,430.22,434.22,422.475,10775,422.475,943056,429.784948
2023-06-23,422.07,428.03,420.22,8839,424.58,402884,423.922387
2023-06-26,406.37,427.5,401.03,15593,424.73,893741,413.350355
2023-06-27,418.67,419.39,404.59,9679,408.21,558116,411.743426
2023-06-28,411.45,418.35,405.29,13365,406.51,781815,411.953557
2023-06-29,408.33,415.895,406.03,7574,415.49,405497,409.59597
2023-06-30,422.89,425.47,415.13,8894,416.69,462731,422.019914
2023-07-03,423.905,428.97,422.06,7433,425.27,300069,425.31717
2023-07-05,423.1,431.74,421.0,6399,421.0,358578,426.968667
2023-07-06,421.13,421.76,413.51,10428,418.24,444806,417.729064
2023-07-07,425.05,432.07,421.89,7671,423.23,347415,427.678748
2023-07-10,421.75,427.95,416.56,10523,426.775,508442,421.542431
2023-07-11,423.91,427.33,420.72,10302,424.935,405473,423.888263
2023-07-12,439.04,439.34,428.26,11872,430.015,549843,435.869789
2023-07-13,459.95,461.12,445.13,14763,445.58,726651,451.987414
2023-07-14,454.665,480.23,450.7,21913,465.94,1020674,467.643015
2023-07-17,464.61,464.9,452.69,12689,462.84,798719,458.812572
2023-07-18,475.03,478.81,457.38,12001,467.065,734784,468.047219
2023-07-19,470.8,478.14,467.52,10747,474.81,724521,471.260915
2023-07-20,455.435,470.76,450.73,14076,465.11,920803,459.599261
2023-07-21,443.32,458.18,441.54,19829,457.9,1345260,447.905729
2023-07-24,446.14,451.025,440.41,10655,447.185,513216,446.031347
2023-07-25,456.58,461.76,449.325,9797,449.46,427696,457.680343
2023-07-26,454.51,460.24,446.34,11554,460.12,522687,453.073156
2023-07-27,459.0,473.93,457.73,13285,465.085,613164,466.778676
2023-07-28,467.44,470.15,464.23,7213,466.63,328235,467.009564
2023-07-31,467.4,471.17,465.12,11681,467.54,317465,467.381619
2023-08-01,465.125,468.94,460.51,8739,464.41,290430,465.180503
2023-08-02,442.97,458.18,433.87,20142,458.09,780036,445.707031
2023-08-03,445.18,450.86,438.19,6741,438.19,288653,446.073457
2023-08-04,446.84,456.36,444.1,8186,449.99,346827,450.181464
2023-08-07,454.12,455.34,445.7,5868,451.18,223109,450.927258
2023-08-08,446.58,452.12,440.57,8196,448.645,333756,446.451775
2023-08-09,425.61,443.11,421.62,11983,442.77,608331,429.343796
2023-08-10,423.84,435.67,418.35,13017,421.52,547580,426.628392
2023-08-11,408.5,420.17,406.39,20852,417.41,1135720,411.883167
2023-08-14,437.62,437.81,403.11,16612,404.94,965556,423.233585
2023-08-15,439.45,452.5,437.14,16666,445.73,819422,444.897064
2023-08-16,434.78,446.65,434.17,10997,445.225,520209,439.616119
2023-08-17,433.62,440.47,430.03,10813,439.695,430064,434.769181
2023-08-18,432.87,435.635,416.74,15980,426.4,795894,426.392558
2023-08-21,469.66,470.64,442.43,13712,444.815,805375,455.644793
2023-08-22,456.66,481.685,453.37,18605,481.22,922800,462.496153
2023-08-23,471.07,471.99,452.15,18282,458.8,717640,465.070118
2023-08-24,471.62,502.66,471.62,32479,502.26,2063850,483.235291
2023-08-25,460.06,477.99,450.27,20820,470.01,1237133,460.268379
2023-08-28,468.25,469.68,449.0,14350,464.79,772574,459.862406
2023-08-29,487.84,490.68,464.04,10595,467.0,659124,482.738367
2023-08-30,492.82,499.21,484.27,11894,490.49,617406,493.175718
2023-08-31,493.63,497.14,489.6,17267,493.775,586429,494.495646
2023-09-01,484.9,497.75,481.49,11331,497.75,441372,487.397122
2023-09-05,485.32,488.43,479.5,8989,482.08,379515,484.254952
2023-09-06,470.73,485.4,465.91,10112,484.66,470143,471.361578
2023-09-07,462.41,463.43,451.72,11619,454.74,589031,457.785764
2023-09-08,455.6,465.73,453.0,10342,459.58,581020,457.296783
2023-09-11,451.78,460.95,443.19,15117,460.6,535595,448.904569
2023-09-12,448.81,456.5,445.445,6786,447.36,329954,451.905268
2023-09-13,454.81,459.25,445.09,16319,445.895,411784,454.198102
2023-09-14,455.91,459.625,451.44,13272,459.35,374759,455.700406
2023-09-15,438.83,455.91,438.11,16027,453.64,501182,443.402592
2023-09-18,439.57,442.27,423.03,10353,427.36,681107,433.732002
2023-09-19,435.21,439.4,430.21,9775,438.21,369195,434.429772
2023-09-20,422.39,438.92,422.31,7254,435.98,374328,431.03868
2023-09-21,410.13,420.86,409.81,12123,415.77,1079307,415.616034
2023-09-22,416.01,421.0,412.53,14639,416.255,477029,417.240514
2023-09-25,422.26,425.35,411.92,12536,415.925,628554,420.456088
2023-09-26,419.04,428.17,416.65,12031,420.28,455337,421.634629
2023-09-27,424.89,428.61,416.38,8906,423.15,577930,422.222903
2023-09-28,430.79,434.27,421.235,11642,424.545,517586,428.998609
2023-09-29,434.99,441.31,433.12,7475,438.48,363243,437.218028
2023-10-02,447.97,451.7,438.85,11301,440.34,616632,446.609534
2023-10-03,435.365,451.06,432.7,15529,448.19,505703,440.746117
2023-10-04,440.06,441.36,432.95,7450,437.42,383083,437.883706
2023-10-05,446.8,448.99,438.95,8594,440.5,388781,444.402314
2023-10-06,457.56,457.83,440.38,8638,442.565,487025,452.057195
2023-10-09,452.73,455.87,443.73,7508,448.4,422141,448.270669
2023-10-10,457.95,462.38,451.15,13512,453.33,437762,457.871259
2023-10-11,468.04,468.31,460.63,6587,461.93,329059,464.509297
2023-10-12,469.33,476.08,463.54,11564,467.81,436130,470.539327
2023-10-13,454.65,470.56,452.805,8453,469.575,440243,459.755793
2023-10-16,460.62,462.04,449.24,6509,450.37,299870,458.064245
2023-10-17,439.49,447.405,425.08,24399,439.99,1061719,437.004799
2023-10-18,421.89,432.16,418.35,12785,426.0,829304,424.050245
2023-10-19,421.01,432.68,418.82,9645,428.1,621297,425.886787
2023-10-20,413.64,424.58,410.88,9676,418.58,528156,416.332662
2023-10-23,429.71,432.43,409.57,8715,412.26,527754,424.685901
2023-10-24,436.51,436.95,427.24,7403,430.64,304569,431.616326
2023-10-25,417.85,436.42,415.64,13273,433.91,518621,425.688096
2023-10-26,402.745,422.33,398.88,17128,418.97,792736,407.154939
2023-10-27,404.95,411.97,400.21,10232,411.295,520038,405.547697
2023-10-30,411.51,417.59,404.86,9241,410.99,383849,411.148492
2023-10-31,407.8,408.72,392.42,13208,404.23,626644,400.99497
2023-11-01,423.07,423.78,409.67,9595,409.67,542652,417.278486
2023-11-02,435.09,438.79,428.95,9526,433.28,530655,434.418971
2023-11-03,449.96,453.04,437.27,9516,440.2,509424,445.721883
2023-11-06,457.53,459.26,449.0,7287,453.13,386977,454.953725
2023-11-07,459.67,462.14,451.66,5636,457.33,298250,458.724539
2023-11-08,465.63,468.59,460.0,5079,460.87,258754,464.559048
2023-11-09,469.555,482.28,467.6,10351,474.64,553743,475.479606
2023-11-10,483.4,484.72,473.18,7995,474.83,396486,480.096448
2023-11-13,486.15,491.07,481.09,7276,483.76,368286,487.617098
2023-11-14,496.7,498.27,490.46,9215,496.6,598798,495.037378
2023-11-15,489.03,499.37,482.02,8916,499.37,496438,489.504167
2023-11-16,494.89,495.135,483.37,7569,486.76,496329,488.404858
2023-11-17,492.91,496.77,490.18,5717,494.89,321962,493.514594
2023-11-20,504.25,505.425,491.84,9312,493.53,519180,498.742816
2023-11-21,499.93,504.97,492.29,10217,500.05,552936,498.309619
2023-11-22,487.06,503.22,477.66,13805,498.7,858012,487.247386
2023-11-24,477.58,489.19,477.49,4654,484.525,224087,481.418739
2023-11-27,482.61,485.27,476.59,10055,477.885,396781,482.11873
2023-11-28,478.2,483.14,474.885,6397,482.36,345188,478.223154
2023-11-29,481.19,487.465,479.05,6434,483.71,345171,482.516426
2023-11-30,467.71,481.035,464.35,10184,479.99,591960,469.186902
2023-12-01,467.51,471.73,461.99,7155,465.185,397058,467.406571
2023-12-04,455.03,460.42,450.13,8873,460.42,500539,454.685297
2023-12-05,465.86,465.98,452.88,7043,454.61,374198,461.856274
2023-12-06,455.13,473.76,454.15,6886,472.18,338424,462.527202
2023-12-07,465.925,466.28,456.08,5837,457.23,312244,462.792215
2023-12-08,475.03,477.28,465.96,5524,466.64,265988,473.468452
2023-12-11,466.22,474.865,458.455,9470,474.865,578352,464.795989
2023-12-12,476.63,476.63,460.625,7776,460.625,469740,471.578528
2023-12-13,480.96,485.87,476.6,7808,476.6,492857,481.637272
2023-12-14,483.5,486.66,474.31,9713,483.6,532517,481.053413
2023-12-15,489.17,494.02,481.25,7684,482.86,432889,489.67182
2023-12-18,500.76,504.21,491.66,8518,493.91,436298,499.301185
2023-12-19,495.97,497.0,489.0,15191,494.21,969126,493.015785
2023-12-20,481.36,499.95,481.175,7154,496.64,417786,491.652234
2023-12-21,489.84,490.75,484.335,6774,488.325,324013,487.33935
2023-12-22,488.29,493.61,484.88,4742,491.845,201966,489.328039
2023-12-26,492.82,495.97,489.69,3684,489.815,187514,493.676949
2023-12-27,494.23,496.75,490.95,4313,495.05,167205,493.598844
2023-12-28,495.49,498.8,494.25,6908,496.61,255281,496.232892
2023-12-29,495.23,499.9,487.78,8102,498.13,310062,494.995349
2024-01-02,481.96,492.36,476.2,9285,491.945,417334,479.911596
2024-01-03,475.9,481.76,473.2,7009,474.34,387565,477.093465
2024-01-04,480.0,484.97,475.105,8984,478.06,311008,481.307286
2024-01-05,490.9,495.46,483.935,8238,484.79,430252,490.061415
2024-01-08,522.47,522.725,494.935,13319,495.27,812045,512.955196
2024-01-09,531.31,543.12,516.9,12509,523.775,685543,530.39761
2024-01-10,543.49,545.965,535.03,8765,536.33,474400,541.556001
2024-01-11,548.26,553.38,535.82,9356,549.47,489465,545.63139
2024-01-12,547.06,549.6,543.4,5457,546.085,276181,546.73957
2024-01-16,563.815,568.14,549.02,9135,550.11,460078,561.736832
2024-01-17,560.62,564.1,547.64,8643,563.42,547202,556.374593
2024-01-18,571.1,576.0,561.3,9075,572.78,539820,570.71942
2024-01-19,594.875,594.965,572.25,8555,579.74,568158,584.844436
2024-01-22,596.57,603.3,590.7,10372,600.54,620025,597.442408
2024-01-23,598.59,599.1,586.36,6154,595.215,323713,594.152361
2024-01-24,613.88,628.35,599.51,10233,603.35,537512,615.893495
2024-01-25,616.6,626.88,608.62,8728,623.375,437119,619.091056
2024-01-26,610.02,617.81,605.975,7247,609.745,341626,611.664363
2024-01-29,624.79,624.83,609.33,6372,612.33,320207,617.808434
2024-01-30,627.86,634.8,622.63,7558,629.495,430689,629.278376
2024-01-31,615.15,622.45,607.0,8622,613.36,499722,615.41888
2024-02-01,630.25,631.86,616.67,6700,621.37,442083,624.396206
2024-02-02,661.58,665.815,636.9,9297,639.81,596655,655.726357
2024-02-05,693.12,694.92,672.35,12541,682.25,697473,686.439161
2024-02-06,682.19,697.39,663.0,14398,696.66,871364,677.747678
2024-02-07,701.02,702.18,676.15,8004,683.3,460189,692.432284
2024-02-08,696.72,707.54,694.9,7272,700.755,371222,700.901134
2024-02-09,721.055,721.83,702.43,7249,705.13,406265,714.854892
2024-02-12,722.98,745.88,712.94,10601,725.81,664411,728.298901
2024-02-13,721.8,734.44,696.89,10554,704.125,509992,719.523575
2024-02-14,738.56,742.155,719.695,8890,732.31,532855,732.121481
2024-02-15,726.83,739.42,724.14,9458,739.0,555270,730.257243
2024-02-16,725.62,743.99,725.07,7940,740.2,475345,734.175113
2024-02-20,694.85,719.56,677.4,16597,719.47,1043267,689.360291
2024-02-21,674.72,688.77,662.89,16269,680.105,760331,674.278983
2024-02-22,785.27,785.63,742.64,16048,750.97,910996,773.268003
2024-02-23,788.27,823.68,776.18,16141,807.99,911591,799.52288
2024-02-26,791.195,805.95,785.5,8842,797.105,457451,795.957181
2024-02-27,787.57,794.56,771.79,7672,793.255,401389,788.082376
2024-02-28,776.95,788.95,771.27,7282,775.455,433696,778.671116
2024-02-29,791.02,799.88,783.605,7529,790.63,419799,793.985766
2024-03-01,822.43,822.9,794.64,8802,800.36,492334,814.559382
2024-03-04,852.45,876.55,837.42,13203,841.49,704506,856.672435
2024-03-05,859.79,860.26,834.29,8901,852.66,478309,849.543304
2024-03-06,887.44,897.13,870.74,11026,879.82,650059,883.829162
2024-03-07,926.59,927.4,896.5,11164,901.21,599506,916.479882
2024-03-08,875.02,973.91,865.61,26524,950.83,1364766,912.856827
2024-03-11,858.375,887.91,842.0,15060,863.305,774188,865.563598
2024-03-12,918.92,919.24,861.91,12754,880.99,684490,897.9146
2024-03-13,908.88,915.0,884.55,14413,910.78,832900,896.857714
2024-03-14,880.36,906.27,866.365,12038,895.78,656117,880.175502
2024-03-15,878.42,895.35,862.78,10355,870.175,631208,883.718621
2024-03-18,884.61,923.92,871.23,11319,904.0,633062,894.035377
2024-03-19,893.95,905.21,850.13,13951,866.395,762131,879.056588
2024-03-20,903.58,904.09,882.65,7644,898.79,375732,893.856966
2024-03-21,913.95,926.005,904.2,7915,922.6,343031,916.583773
2024-03-22,943.02,947.7,908.81,10672,911.82,523964,934.450122
2024-03-25,950.35,967.54,935.48,7166,939.41,384006,954.566537
2024-03-26,926.28,963.39,925.05,7336,958.51,393760,944.970337
2024-03-27,903.03,931.49,891.495,9823,929.67,569192,902.927902
2024-03-28,902.84,913.0,892.11,6302,899.62,333570,904.589375
2024-04-01,903.03,921.975,892.885,6631,903.31,353181,905.251457
2024-04-02,894.59,900.57,876.75,6363,883.225,326384,888.711244
2024-04-03,889.195,903.43,884.29,6351,884.49,308085,895.726987
2024-04-04,858.97,906.14,858.97,6275,903.38,344968,882.154887
2024-04-05,879.8,884.64,859.39,8403,868.08,502316,876.929859
2024-04-08,871.82,887.56,867.4,4634,886.72,218516,873.825496
2024-04-09,853.69,876.13,830.23,8369,874.12,435346,847.591502
2024-04-10,869.84,873.85,837.78,7593,839.42,430619,865.216566
2024-04-11,905.87,907.29,869.7,10230,874.58,464204,891.956803
2024-04-12,882.3,901.28,875.53,7782,897.04,403381,887.290795
2024-04-15,859.88,906.07,859.47,7919,890.98,376572,881.762877
2024-04-16,874.02,880.7,861.1,5885,864.66,308608,872.209929
2024-04-17,840.68,887.69,839.6,11420,883.19,731862,853.863613
2024-04-18,847.16,861.745,824.03,7757,850.34,446962,847.230622
2024-04-19,762.01,842.7,756.33,23869,831.13,1572848,787.032453
2024-04-22,795.52,800.59,764.31,12173,781.46,745522,785.419149
2024-04-23,823.87,827.5,803.2,7263,808.365,402728,820.190857
2024-04-24,796.78,840.65,792.15,10296,840.0,581533,812.282584
2024-04-25,826.8,832.995,782.23,7707,789.23,381712,814.591334
2024-04-26,877.15,883.01,834.49,10536,838.905,537084,866.791463
2024-04-29,878.2,879.75,852.93,5205,875.825,283279,869.114554
2024-04-30,864.135,887.39,863.035,4602,872.385,267687,873.154138
2024-05-01,830.01,860.0,812.77,11719,851.2,870241,828.472782
2024-05-02,858.245,862.28,832.0,6152,845.105,340065,850.005764
2024-05-03,887.745,892.66,871.11,6296,876.51,334859,883.284651
2024-05-06,921.41,922.0,891.01,6085,893.9,285136,913.471472
2024-05-07,905.18,917.57,890.27,7435,910.52,422845,905.479521
2024-05-08,903.5,911.47,894.52,4304,894.825,221476,902.497579
2024-05-09,887.6,910.27,882.9,6619,905.31,303425,890.581195
2024-05-10,898.61,913.55,892.46,5551,902.765,251513,901.067878
2024-05-13,904.02,909.73,885.645,5312,904.84,233506,901.064455
2024-05-14,913.73,916.37,889.94,5019,895.37,232381,907.488575
2024-05-15,946.3,948.55,916.58,8286,924.65,444654,940.877735
2024-05-16,943.59,957.555,941.405,4123,949.14,211279,949.819857
2024-05-17,924.845,947.04,918.23,5435,944.83,273414,932.020088
2024-05-20,947.6,951.93,934.4,5803,937.61,265835,946.630324
2024-05-21,953.57,954.0,932.095,5357,935.305,248866,944.648916
2024-05-22,948.745,960.085,933.22,9278,954.655,431107,945.919702
2024-05-23,1038.64,1062.66,1015.69,17878,1020.28,846800,1037.833129
2024-05-24,1064.71,1064.71,1030.16,9492,1044.55,434162,1048.729087
2024-05-28,1140.525,1148.75,1098.83,15652,1102.44,717748,1123.911426
2024-05-29,1146.37,1154.625,1109.375,11044,1130.5,530678,1136.337439
2024-05-30,1105.57,1158.0,1096.85,11251,1145.92,469750,1133.900643
2024-05-31,1095.14,1127.05,1069.57,11189,1124.62,522293,1096.224384
2024-06-03,1149.995,1150.0,1120.26,6929,1137.24,277141,1138.047767
2024-06-04,1164.35,1165.61,1140.935,8358,1157.03,328757,1153.012027
2024-06-05,1224.49,1224.49,1175.54,12521,1183.21,478770,1206.595659
2024-06-06,1210.89,1255.445,1183.6,15553,1240.23,652773,1208.531197
2024-06-07,1208.42,1216.21,1180.845,7150,1197.7,264492,1198.039167
2024-06-10,121.93,123.06,117.02,23894,120.34,2293876,121.162263
2024-06-11,120.92,122.775,118.765,16272,121.78,1498478,120.854565
2024-06-12,125.28,126.84,122.6,15733,123.02,1840054,125.164708
2024-06-13,129.37,129.8,127.17,17731,129.39,1724570,128.767486
2024-06-14,131.97,132.825,128.32,10608,129.9,1322940,131.175713
2024-06-17,131.1,133.71,129.61,20735,132.87,2322133,131.683172
2024-06-18,135.63,136.31,130.77,18346,131.16,2294554,134.393678
2024-06-20,130.78,140.715,129.57,39168,139.75,5074898,135.438903
2024-06-21,126.855,130.62,124.315,32294,127.01,5063212,127.153605
2024-06-24,118.08,124.46,118.05,28213,123.125,3236896,120.271389
2024-06-25,126.1,126.495,119.4,22440,121.2,2946792,123.440453
2024-06-26,126.39,128.12,122.61,15334,126.18,1732149,125.309267
2024-06-27,123.99,126.4,122.945,13595,124.09,1449437,124.169225
2024-06-28,123.43,127.7,122.77,16419,124.59,2026434,124.976212
2024-07-01,124.19,124.83,118.85,14491,123.47,1695833,122.516264
2024-07-02,122.645,123.41,121.06,12768,121.13,1371543,122.194627
2024-07-03,128.24,128.26,121.36,18316,121.66,2150798,125.001297
2024-07-05,125.85,128.85,125.705,17553,127.5,1341996,127.156679
2024-07-08,128.2,130.77,127.09,15690,127.51,1616686,128.698172
2024-07-09,131.4,133.82,128.69,15654,130.405,1589335,131.198157
2024-07-10,134.83,135.09,132.49,14119,134.03,1339920,134.346882
2024-07-11,127.44,136.06,127.065,24022,135.835,2348569,129.952773
2024-07-12,129.5,131.9,127.22,15199,128.25,1500415,129.879938
2024-07-15,128.42,131.355,127.2,12131,130.85,1101682,128.963503
2024-07-16,126.35,129.01,124.585,14846,128.41,1435422,126.17668
2024-07-17,117.97,121.85,116.73,30569,121.35,2836649,118.91435
2024-07-18,121.13,122.35,116.57,15852,121.83,1585456,119.702891
2024-07-19,118.01,121.54,117.39,10202,120.35,1015301,119.010349
2024-07-22,123.5,124.06,119.88,14493,120.37,1521317,122.445933
2024-07-23,122.62,124.685,122.11,11520,122.85,992371,123.372131
2024-07-24,114.37,119.89,113.56,16828,119.03,2148321,116.761849
2024-07-25,112.34,116.62,106.31,37363,113.07,4118118,112.401821
2024-07-26,113.08,116.17,111.59,18033,116.15,2039135,113.615457
2024-07-29,111.63,116.25,111.3,15620,113.64,1716712,113.152382
2024-07-30,103.6,111.945,102.59,26115,111.53,3760067,105.37425
2024-07-31,117.06,118.33,110.9,27930,112.915,3360787,114.708293
2024-08-01,109.37,120.14,106.82,49068,117.53,6161952,111.889151
2024-08-02,107.34,108.7,101.41,30080,103.85,3149437,105.375557
2024-08-05,100.64,103.39,90.735,58902,92.09,6339472,99.361613
2024-08-06,104.0,107.65,100.57,31078,103.845,3547880,105.025071
2024-08-07,98.85,108.72,98.7,30648,107.84,3998714,102.988927
2024-08-08,104.97,105.5,97.53,30040,102.0,3082788,102.279038
2024-08-09,104.72,106.58,103.5,16244,105.61,1478851,104.83809
2024-08-12,109.06,111.04,106.28,22302,106.33,2276801,109.094828
2024-08-13,116.12,116.22,111.58,18564,112.43,1826356,114.584091
2024-08-14,117.97,118.59,114.09,20327,118.51,2530749,116.698614
2024-08-15,122.9,123.23,117.5,21649,118.945,2329110,121.559086
2024-08-16,124.55,125.0,121.18,21553,121.92,1968614,123.698576
2024-08-19,130.0,130.0,123.44,20240,124.3,2133443,126.9316
2024-08-20,127.26,129.86,125.89,22219,128.4,2296913,127.926477
2024-08-21,128.4,129.34,126.66,20253,127.33,2040350,128.108697
2024-08-22,123.84,130.74,123.1,27468,130.04,2853378,126.314316
2024-08-23,129.28,129.59,125.245,21687,125.86,2104926,127.996388
2024-08-26,126.45,131.25,124.4,26866,129.56,2670055,127.399358
2024-08-27,128.27,129.19,123.905,24934,125.06,2696916,127.519987
2024-08-28,125.57,128.3,122.66,35341,128.08,3785691,125.592325
2024-08-29,117.6,124.4,116.76,36658,121.0,4192572,120.615091
2024-08-30,119.46,121.74,117.23,27936,119.52,2693047,119.199607
2024-09-03,108.01,116.205,107.295,30308,116.04,3292811,110.267419
2024-09-04,106.16,109.99,104.12,43735,105.38,5285953,106.997233
2024-09-05,107.17,109.64,104.805,28136,104.995,2732510,107.512173
2024-09-06,102.87,108.105,100.96,39523,108.095,4585344,103.355019
2024-09-09,106.51,106.54,103.71,23486,104.93,2537551,105.40271
2024-09-10,108.0,109.385,104.96,24005,107.92,2399601,107.061687
2024-09-11,116.84,117.16,107.43,38986,109.39,4687625,112.33391
2024-09-12,119.22,120.79,115.4,35234,116.86,3550116,118.979673
2024-09-13,119.08,119.93,117.61,23760,118.96,2252263,118.989215
2024-09-16,116.74,118.175,114.37,20457,116.79,2027423,116.481923
2024-09-17,115.59,118.795,114.85,23423,118.19,2491009,116.602354
2024-09-18,113.29,117.7,113.24,27367,115.91,2965736,115.068783
2024-09-19,117.9,119.66,117.26,32362,117.29,3147187,118.711401
2024-09-20,116.04,118.6,115.41,30316,117.02,3739522,116.51843
2024-09-23,116.23,116.98,114.87,20756,116.47,1939328,115.974365
2024-09-24,120.83,121.8,115.385,32209,116.42,3567423,119.541475
2024-09-25,123.49,124.93,121.61,26275,122.02,3117195,123.628356
2024-09-26,124.0,127.66,121.8,25802,126.76,2475022,124.709938
2024-09-27,121.35,123.985,119.26,29972,123.93,3743504,120.980802
2024-09-30,121.5,121.5,118.15,24250,118.31,2330437,120.347375
2024-10-01,116.89,122.38,115.79,29572,121.765,3213379,117.932808
2024-10-02,118.83,119.38,115.15,18259,116.41,1977137,118.241695
2024-10-03,122.82,124.36,120.35,26868,120.92,2992060,122.718757
2024-10-04,124.89,125.0,121.91,27158,124.93,2877588,124.111678
2024-10-07,127.775,130.62,125.02,41279,125.03,5406297,128.550629
2024-10-08,132.94,133.48,129.43,37795,130.32,4435837,131.903887
2024-10-09,132.61,134.52,131.39,30114,134.135,3131226,132.756826
2024-10-10,134.81,135.0,131.32,30234,131.9,2911690,133.974199
2024-10-11,134.77,135.77,133.67,19437,134.03,1839529,134.843622
2024-10-14,138.18,139.6,136.32,30044,136.47,3134138,138.496228
2024-10-15,131.77,138.565,128.76,40813,137.81,4726217,132.333779
2024-10-16,135.72,136.62,131.585,39538,133.955,4444476,134.522029
2024-10-17,136.92,140.88,136.875,33987,139.35,3748774,138.991228
2024-10-18,137.98,138.82,137.28,20336,138.79,2037775,138.040699
2024-10-21,143.68,143.68,138.03,29045,138.14,3175273,141.555645
2024-10-22,143.57,144.41,141.81,26316,142.92,2694622,143.347381
2024-10-23,139.56,142.41,137.485,30461,142.02,2908927,139.642047
2024-10-24,140.4,141.35,138.47,16223,140.86,1669064,139.95363
2024-10-25,141.5,144.125,140.85,20089,140.91,1803783,142.658977
2024-10-28,140.57,143.13,140.055,20026,143.05,1877353,141.117377
2024-10-29,141.3,142.25,138.915,19982,140.285,1945298,140.953221
2024-10-30,139.34,140.31,136.81,24602,139.54,2472975,139.343643
2024-10-31,132.81,137.575,132.12,30924,137.575,2875649,133.694182
2024-11-01,135.4,137.3,134.6,24961,134.69,2662071,135.979964
2024-11-04,136.15,138.96,135.59,19382,137.23,1893718,137.542978
2024-11-05,139.93,140.37,137.375,16518,137.43,1348050,139.388607
2024-11-06,145.5,146.49,141.975,28630,142.955,2916302,144.737959
2024-11-07,148.89,148.92,146.17,23317,146.39,2232131,148.102506
2024-11-08,147.69,149.75,146.27,22410,148.78,1848270,147.675195
2024-11-11,145.285,148.72,143.59,26113,148.68,2539065,145.496291
2024-11-12,148.4,149.61,146.03,28747,146.77,2390287,148.003638
2024-11-13,146.45,149.33,145.91,23923,149.055,2210450,147.064951
2024-11-14,146.83,149.0,145.6,23744,147.61,2266375,147.313632
2024-11-15,141.91,145.18,140.1,39133,144.89,3889458,142.103655
2024-11-18,140.13,141.515,137.18,29990,139.495,2989170,139.543773
2024-11-19,147.0,147.12,141.0,28600,141.28,2817554,144.380793
2024-11-20,145.89,147.41,142.73,35093,147.355,3194590,144.873035
2024-11-21,146.65,152.87,140.7,50122,149.27,5299846,145.823039
2024-11-22,141.91,147.16,141.1,30930,145.895,3293741,142.807706
2024-11-25,135.98,142.035,135.83,37463,141.95,3667362,137.341453
2024-11-26,136.885,139.295,135.68,28044,137.68,2648547,137.061059
2024-11-27,135.37,135.385,131.8,29504,135.01,2853118,133.573957
2024-11-29,138.28,139.34,136.05,17586,136.735,1920338,138.374484
2024-12-02,138.54,140.435,137.83,22612,138.84,2200598,139.040575
2024-12-03,140.22,140.54,137.95,18661,138.25,1667300,139.406116
2024-12-04,145.13,145.78,140.29,30842,142.075,3236981,143.921406
2024-12-05,145.11,146.525,143.96,20492,145.09,1977392,145.24097
2024-12-06,142.47,145.68,141.32,22526,144.63,2423881,143.384675
2024-12-09,138.81,139.94,137.16,25766,138.985,2458680,138.614023
2024-12-10,134.99,141.76,133.8,25265,138.97,2010308,137.022434
2024-12-11,139.28,140.16,135.22,16708,137.35,1619726,138.286276
2024-12-12,137.395,138.385,135.8,17057,137.09,1559352,137.24677
2024-12-13,134.18,139.55,132.55,33387,139.0,3711216,134.87162
2024-12-16,132.0,134.38,130.43,37926,134.17,4673200,131.694312
2024-12-17,130.3,131.585,126.89,31821,129.035,3441459,129.18097
2024-12-18,128.75,136.7,128.285,30844,133.88,2945155,133.645005
2024-12-19,130.68,134.0,129.59,20519,131.715,2035528,131.577426
2024-12-20,134.92,135.28,128.26,24666,129.81,2467581,133.402278
2024-12-23,136.42,137.81,135.13,3074,136.28,291809,136.692414
2024-12-24,140.2,141.9,138.71,9666,139.99,874127,140.775409
2024-12-26,139.91,140.83,137.73,15076,139.62,1203412,139.56672
2024-12-27,137.055,139.0,134.715,21545,138.555,2042354,136.297101
2024-12-30,137.42,140.25,134.03,17439,134.835,1695547,138.171
2024-12-31,134.2,138.06,133.84,15807,138.035,1424606,135.472577
2025-01-02,138.32,138.87,134.65,25765,136.02,2421189,137.315419
2025-01-03,144.42,144.895,139.835,31485,140.0,2799091,143.580367
2025-01-06,149.49,152.145,147.86,30900,148.61,2874316,150.458144
2025-01-07,140.17,153.1,140.01,41735,153.045,3833401,143.413743
2025-01-08,140.08,143.94,137.91,31517,142.63,2682030,140.816402
2025-01-10,135.93,137.69,134.23,29099,137.46,2635138,135.810323
2025-01-13,133.23,133.445,129.67,22358,129.98,2045865,131.94754
2025-01-14,131.78,136.32,130.05,20461,136.06,2120718,132.338798
2025-01-15,136.19,136.41,131.31,23705,133.64,2258924,134.688572
2025-01-16,133.58,138.72,133.52,27643,138.7,2755774,135.696942
2025-01-17,137.73,138.5,135.5,16935,136.52,1679819,137.560287
2025-01-21,140.81,141.83,137.09,25523,139.21,2559365,139.948599
2025-01-22,147.03,147.785,143.71,38235,144.765,3368376,146.593221
2025-01-23,147.21,147.22,143.74,23775,145.01,2338049,145.838376
2025-01-24,142.605,148.96,141.88,24932,148.38,2835359,144.069823
2025-01-27,118.51,128.37,116.7,151700,124.8,16790804,120.593908
2025-01-28,128.81,128.99,116.26,116320,121.81,12907879,123.314395
2025-01-29,123.75,126.89,120.05,86993,126.51,8372274,123.010379
2025-01-30,124.91,124.96,118.1,89839,123.07,10912660,121.110455
2025-01-31,120.035,127.85,119.19,69639,123.81,7358114,123.560191
2025-02-03,116.65,118.56,113.03,70788,114.75,6752078,116.019124
2025-02-04,118.63,121.2,116.7,40105,116.97,3782553,119.194011
2025-02-05,124.955,124.975,120.76,51365,121.75,5073418,123.24325
2025-02-06,128.68,128.77,125.21,38015,127.37,3932811,127.341883
2025-02-07,129.885,130.37,127.6,41304,129.13,4247572,129.056636
2025-02-10,133.5,134.99,129.995,28375,130.015,2502834,133.898528
2025-02-11,132.83,134.45,131.04,23191,132.55,2137618,133.157402
2025-02-12,131.1,132.23,129.11,20271,130.01,1734951,131.140728
2025-02-13,135.25,136.5,131.17,26559,131.51,2672708,134.71851
2025-02-14,138.8,139.2,135.59,33855,136.4,3264023,137.548974
2025-02-18,139.38,143.425,137.93,34629,141.24,3267899,140.648273
2025-02-19,139.245,141.34,137.22,21061,139.505,1708580,139.757839
2025-02-20,140.09,140.51,136.81,25698,140.1,2375557,138.979702
2025-02-21,134.33,141.45,134.03,40353,140.02,4089631,137.165743
2025-02-24,130.325,138.585,130.16,36026,136.76,3473067,133.661761
2025-02-25,126.52,130.2,124.49,59706,129.96,6041492,127.448142
2025-02-26,131.525,133.725,128.495,39190,129.94,4179878,131.11568
2025-02-27,120.245,135.0,120.05,64478,135.0,7001324,126.286366
2025-02-28,124.995,125.02,116.42,44344,118.05,5174741,120.833915
2025-03-03,114.06,123.69,112.31,63210,123.51,6832918,116.922357
2025-03-04,115.92,119.31,110.12,65392,110.68,7022319,114.518662
2025-03-05,117.345,118.27,114.515,34665,117.56,3478295,116.562625
2025-03-06,110.56,115.33,110.235,52738,113.49,5454471,112.037353
2025-03-07,112.71,113.48,107.57,45067,111.185,4730053,110.908176
2025-03-10,107.015,111.83,105.465,53037,109.89,5584708,107.668248
2025-03-11,108.7,112.215,104.79,45201,107.0,4864065,108.92475
2025-03-12,115.705,116.755,112.88,34801,114.1,3282611,115.216036
2025-03-13,115.74,117.755,113.8,33611,117.005,3505293,115.975525
2025-03-14,121.54,121.88,118.185,44885,118.59,4647080,120.549113
2025-03-17,119.625,122.87,118.03,36232,122.74,3833610,120.202322
2025-03-18,115.555,119.0,114.545,45188,118.025,4792111,116.454287
2025-03-19,117.53,120.44,115.69,42782,117.305,4431361,117.874802
2025-03-20,118.5,120.19,116.47,26032,116.48,2575320,118.715978
2025-03-21,117.68,117.98,115.43,33984,116.9,3932365,116.840121
2025-03-24,121.24,122.22,119.36,30900,119.89,3182721,121.185603
2025-03-25,120.66,121.29,118.93,27278,120.565,2855458,120.231012
2025-03-26,113.715,118.82,112.72,58146,118.755,6207680,114.918224
2025-03-27,111.41,114.44,110.68,40770,111.36,4145787,112.307214
2025-03-28,109.63,112.85,109.085,35029,111.49,3412878,110.124157
2025-03-31,108.525,108.95,103.66,57440,105.13,5633283,105.747186
2025-04-01,110.14,110.19,106.48,40339,108.52,3953520,108.489584
2025-04-02,110.31,111.97,106.8,28602,107.28,2857105,109.720102
2025-04-03,101.78,105.63,101.6,59018,103.51,6497128,103.412651
2025-04-04,94.28,100.105,92.11,75865,98.87,8030650,95.48469
2025-04-07,97.62,101.75,86.62,75719,87.53,8904256,95.227483
2025-04-08,96.41,105.845,94.485,62920,103.84,6613619,101.15519
2025-04-09,114.21,115.09,97.72,72240,98.88,8146151,105.974321
2025-04-10,107.67,110.86,103.02,68918,109.34,6749690,107.602971
2025-04-11,110.765,111.48,107.5,44195,108.59,4245442,109.818205
2025-04-14,110.71,114.29,109.09,34899,114.145,3748071,111.465111
2025-04-15,112.12,113.61,110.52,26845,110.97,2745361,112.128743
2025-04-16,104.52,106.78,100.45,48984,104.495,5607221,103.717712
2025-04-17,101.4,104.455,100.06,38793,104.455,4057796,101.372258
2025-04-21,96.77,99.4,95.04,29916,98.74,3151406,96.329709
2025-04-22,98.865,99.805,97.285,33619,98.77,3422641,98.652995
2025-04-23,102.495,104.8,102.02,38391,104.52,3880014,103.530818
2025-04-24,106.38,106.535,103.13,25989,103.48,2667787,105.52257
2025-04-25,110.92,111.915,105.76,33011,106.87,4031722,109.51253
2025-04-28,108.72,110.36,106.02,26968,109.69,2694490,107.899635
2025-04-29,108.91,110.12,107.45,20118,107.66,1816155,109.00128
2025-04-30,108.79,108.88,104.095,26014,104.475,2566232,106.382377
2025-05-01,111.545,114.935,111.33,36647,113.1,4008371,113.258126
2025-05-02,114.44,115.39,113.38,28398,114.17,2806225,114.414801
2025-05-05,113.78,114.655,112.67,19035,112.88,1844171,113.827647
2025-05-06,113.455,114.74,110.83,21215,111.48,2082813,112.87086
2025-05-07,117.015,117.65,112.29,27753,113.04,3444521,114.951118
2025-05-08,117.365,118.665,115.875,21222,118.49,2526801,117.633811
2025-05-09,116.61,118.23,115.22,17689,117.4,1829396,116.669505
2025-05-12,122.985,123.0,120.3,29933,121.965,3287098,122.065706
2025-05-13,129.83,131.215,124.485,35417,124.96,3688220,129.288185
2025-05-14,135.35,135.43,131.69,38471,133.17,4170364,134.029626
2025-05-15,134.91,136.29,132.67,23818,134.3,2264944,134.372779
2025-05-16,135.31,136.29,133.54,18105,136.2,2156082,135.285071
2025-05-19,135.6,135.87,132.49,18365,132.54,1713501,134.759246
2025-05-20,134.41,134.55,132.655,12234,134.31,1176871,133.769692
2025-05-21,131.81,137.395,130.605,25901,133.05,2555982,134.2966
2025-05-22,132.9,134.25,131.58,19865,132.195,1968448,133.248037
2025-05-23,131.3,132.66,129.18,16601,129.91,1644584,131.208312
2025-05-27,135.495,135.65,133.33,23097,134.14,2694451,135.038075
2025-05-28,134.83,137.245,134.8,40178,136.03,4127199,136.01047
2025-05-29,139.18,143.48,137.91,31836,142.245,4365352,141.086189
2025-05-30,134.89,139.61,132.925,34034,138.715,3556052,135.583726
2025-06-02,137.37,138.11,135.45,21726,135.55,2006562,137.012658
2025-06-03,141.27,142.0,137.96,39906,138.78,4284427,140.904284
2025-06-04,141.84,142.36,139.57,25842,142.18,2477929,141.256582
2025-06-05,140.01,144.0,138.845,25848,142.15,2563431,141.587864
2025-06-06,141.67,143.25,141.52,26159,142.505,2432036,142.244857
2025-06-09,142.57,144.99,141.955,24513,143.21,2676439,143.172337
2025-06-10,143.95,144.285,141.55,21234,142.69,1925466,143.045765
2025-06-11,142.875,144.99,141.88,16009,144.62,1568576,143.446217
2025-06-12,145.0,145.0,141.87,16996,141.97,1682713,144.234185
2025-06-13,141.98,143.58,140.86,25649,142.48,2473342,142.346821
2025-06-16,144.67,146.175,143.275,23694,143.345,2675568,145.00792
2025-06-17,144.03,145.18,143.8,17636,144.47,1563089,144.54507
2025-06-18,145.485,145.6,143.14,21396,144.005,2041017,144.912286
2025-06-20,143.76,146.195,142.675,24325,145.4,2488233,144.307529
2025-06-23,144.16,144.73,142.05,24281,142.485,2255883,143.776315
2025-06-24,147.89,147.955,145.51,24018,145.59,2715556,147.176037
2025-06-25,154.4,154.44,149.29,34101,149.29,3504133,152.473577
2025-06-26,155.07,156.71,154.03,30839,155.985,3616990,155.570166
2025-06-27,157.72,158.7,155.265,29461,155.985,2927191,156.93605
2025-06-30,157.98,158.63,155.96,25629,158.41,2635872,157.562226
2025-07-01,153.34,157.19,151.5,36248,156.28,4509554,153.802553
2025-07-02,157.26,157.595,153.01,23071,153.01,2818171,156.443493
2025-07-03,159.325,160.965,157.78,16554,158.295,1985303,159.520505
2025-07-07,158.305,159.31,157.365,16789,158.19,1924669,158.310866
2025-07-08,159.99,160.21,158.4,21197,159.37,2456207,159.440001
2025-07-09,162.83,164.415,161.17,27396,161.215,3431731,163.211334
2025-07-10,164.09,164.49,161.625,19224,164.365,2428512,163.317065
2025-07-11,164.89,167.88,163.535,22661,163.535,3355897,166.110516
2025-07-14,164.06,165.475,162.035,19091,165.425,2114217,164.349049
2025-07-15,170.655,172.4,169.21,29969,171.19,4369944,170.830107
2025-07-16,171.34,171.72,168.9,20979,171.065,2608743,170.517106
2025-07-17,173.085,174.16,170.835,18162,172.06,1758746,173.080842
2025-07-18,172.4,174.23,171.27,17725,173.725,1965802,172.457009
2025-07-21,171.475,173.36,171.2,16446,172.775,1789677,172.319588
2025-07-22,167.01,171.305,164.62,22663,171.305,2132053,167.381714
2025-07-23,170.84,171.25,167.99,18416,169.52,1925585,169.731576
2025-07-24,173.77,173.83,171.3,19528,172.5,2127014,173.016383
2025-07-25,173.5,174.715,172.98,16062,173.615,1900587,173.95218
2025-07-28,176.695,176.83,173.97,20724,174.015,2802631,175.45868
2025-07-29,175.5,179.34,175.185,23597,177.985,2732513,177.095777
2025-07-30,179.315,179.89,176.05,20281,176.55,2180468,178.702633
2025-07-31,178.06,183.26,175.95,37738,182.92,4174080,179.647724
2025-08-01,173.755,176.53,170.91,31945,174.0,2959737,173.667085
2025-08-04,179.98,179.98,174.53,27370,175.16,2868036,178.486854
2025-08-05,178.265,180.25,175.915,23029,179.68,2752443,178.204527
2025-08-06,179.43,179.9,176.28,23093,176.325,2261421,178.367454
2025-08-07,180.85,183.86,178.8,21143,181.545,2185254,181.457418
2025-08-08,182.755,183.3,180.41,18486,181.55,1830484,182.360235
2025-08-11,181.99,183.835,180.28,17595,182.02,1690307,182.615396
2025-08-12,183.17,183.55,179.47,23245,182.955,2700093,181.884885
2025-08-13,181.55,183.96,179.355,28964,182.69,3306726,181.286583
2025-08-14,182.025,183.005,179.53,21725,179.77,2495118,181.814172
2025-08-15,180.42,181.86,178.055,24099,181.81,2649326,179.737242
2025-08-18,182.005,182.935,180.76,23447,180.76,2490508,181.933605
2025-08-19,175.66,182.475,175.5,37056,182.41,3434393,177.91116
2025-08-20,175.41,175.52,168.82,37876,175.15,3225977,172.22107
2025-08-21,174.96,176.9,173.83,25256,174.88,2725237,175.084496
2025-08-22,177.98,178.575,171.21,31260,172.655,2901533,176.630676
2025-08-25,179.79,181.91,176.575,29553,178.36,2987158,179.921062
2025-08-26,181.7,182.365,178.82,18893,180.06,1586433,180.993972
2025-08-27,181.57,182.49,179.11,28738,181.99,2622222,181.311399
2025-08-28,180.16,184.42,176.425,36860,180.885,3664524,179.668903
2025-08-29,174.215,178.1,173.15,37565,178.08,3812723,174.507983
2025-09-02,170.75,172.36,167.23,45294,169.73,5040348,169.704286
2025-09-03,170.6,172.4,168.88,30955,171.02,3294243,170.680054
2025-09-04,171.66,171.84,169.41,25571,170.59,2458046,170.738942
2025-09-05,167.07,169.01,164.075,32192,168.05,3342342,166.498772
2025-09-08,168.325,170.96,167.59,28628,167.6,3355349,169.59201
2025-09-09,170.75,170.97,166.805,22832,168.95,2835056,168.692228
2025-09-10,177.27,179.28,175.49,57556,176.655,6832038,177.589787
2025-09-11,177.08,180.24,176.5,29908,179.64,3101368,177.750334
2025-09-12,177.8,178.59,176.46,20369,177.79,2349994,177.73898
2025-09-15,177.76,178.27,174.52,33357,175.69,3139183,176.663911
2025-09-16,174.89,177.495,174.385,21916,176.99,2411570,175.575545
2025-09-17,170.21,173.19,168.45,37206,172.555,4235491,170.346939
2025-09-18,176.22,177.1,172.97,25578,174.04,2715302,175.545535
2025-09-19,176.54,178.08,175.29,19201,175.99,1832936,176.417535
2025-09-22,183.6,184.55,174.74,46649,175.3,5768896,180.998888
2025-09-23,178.44,182.42,177.31,33072,181.96,3098046,179.48339
2025-09-24,176.87,179.755,175.42,17755,179.755,1658632,177.39477
2025-09-25,177.68,180.23,173.16,27287,174.48,3184893,177.395922
2025-09-26,178.19,178.62,174.95,25034,178.16,2233753,176.871342
2025-09-29,181.83,183.99,180.38,33515,180.425,3142973,182.51301
2025-09-30,186.54,187.345,181.52,44702,182.035,4328023,185.575964
2025-10-01,187.245,188.12,183.91,22496,185.115,2254037,186.353149
2025-10-02,188.91,191.005,188.28,20397,189.6,1884895,189.460965
2025-10-03,187.63,190.36,185.405,19882,189.26,1633527,188.049893
2025-10-06,185.51,187.23,183.34,35264,185.52,3530109,185.706967
2025-10-07,185.005,189.035,184.41,37401,186.2,3074664,186.382445
2025-10-08,189.09,189.5,186.575,24647,186.575,2268194,188.412333
2025-10-09,192.555,195.28,191.07,27247,192.11,2451157,193.425696
2025-10-10,183.15,195.6,182.83,41857,193.425,3735323,189.4148
2025-10-13,188.31,190.09,185.99,34739,187.97,2791804,188.231811
2025-10-14,180.03,184.725,179.75,32139,184.69,3019148,181.724293
2025-10-15,179.87,184.83,177.3,49995,184.8,5266793,181.008179
2025-10-16,181.84,183.28,179.8,47735,182.12,4348972,181.574528
2025-10-17,183.165,184.095,179.83,52802,180.045,4804343,182.356029
2025-10-20,182.55,185.195,181.75,35684,183.085,3191719,183.372249
2025-10-21,181.13,182.785,179.8,32143,182.785,2839288,181.344619
2025-10-22,180.34,183.435,176.8,37690,181.15,3107387,179.553979
2025-10-23,182.12,183.03,179.82,33869,180.38,2949036,181.929882
2025-10-24,186.29,187.465,183.51,36961,183.71,3158161,185.590399
2025-10-27,191.44,192.0,188.46,35768,189.985,3091774,190.776975
2025-10-28,201.05,203.145,191.93,59368,193.055,6245465,197.817746
2025-10-29,207.035,212.15,204.79,77663,207.98,6715417,208.336181
2025-10-30,202.9,206.1,201.425,33166,205.205,3054330,203.121005
2025-10-31,202.49,207.96,202.08,39666,206.425,3617748,204.480627
2025-11-03,207.0,211.335,206.345,39669,208.06,3685400,208.506676
2025-11-04,198.6,203.94,197.945,47218,202.975,3980267,200.99984
2025-11-05,195.175,202.9,194.97,45513,198.71,4070656,200.012116
2025-11-06,188.14,197.605,186.425,67569,196.48,5372175,189.928511
2025-11-07,188.205,188.3,178.91,73936,184.86,5672369,183.26227
2025-11-10,199.045,199.935,193.79,44781,195.115,3572456,196.560439
2025-11-11,193.265,195.385,191.325,48640,195.2,4104943,193.154903
2025-11-12,193.86,195.84,191.13,48786,195.79,3232180,192.57807
2025-11-13,186.97,191.43,183.85,46563,191.05,3443123,186.426292
2025-11-14,190.285,191.0,180.595,39511,182.86,3084928,188.076948
2025-11-17,186.67,188.99,184.325,39285,185.97,3170265,186.554361
2025-11-18,181.26,184.61,179.71,53594,183.26,3742933,182.519883
2025-11-19,186.7,187.84,182.86,55778,184.775,4449420,185.626486
2025-11-20,180.92,195.97,179.87,62953,195.91,5384530,186.788537
2025-11-21,178.93,184.55,172.93,79459,181.275,7522235,179.289482
2025-11-24,182.835,183.46,176.53,60071,179.445,4345785,181.100799
2025-11-25,177.8,178.155,169.565,68154,174.96,6778353,174.022724
2025-11-26,180.18,182.875,178.24,41124,181.63,3651964,180.572661
2025-11-28,176.95,179.27,176.535,31148,178.99,2869989,177.453073
2025-12-01,179.965,180.28,173.69,51929,174.775,4518158,178.743515
2025-12-02,181.33,185.66,180.0,47273,181.72,3914237,182.64247
2025-12-03,179.515,182.4,179.14,43051,181.065,3504383,180.448459
2025-12-04,183.45,184.51,179.97,50518,181.62,4313834,182.542756
2025-12-05,182.355,184.65,180.92,38337,183.84,3062106,182.112173
2025-12-08,185.575,187.97,182.4,40447,182.63,4546240,184.793957
2025-12-09,184.98,185.715,183.335,29519,185.56,2635016,184.649799
2025-12-10,183.75,185.47,182.035,41517,184.7,4018810,183.441446
2025-12-11,180.99,181.31,176.63,41839,180.285,4148013,178.819935
2025-12-12,175.065,182.815,174.65,48145,181.08,4731441,177.393825
2025-12-15,176.1,178.41,175.045,53655,177.9,4517319,176.999569
2025-12-16,177.515,178.195,174.93,46315,176.26,3913906,176.7085
2025-12-17,170.98,176.13,170.33,58760,176.13,5979537,171.999778
2025-12-18,173.985,176.14,171.83,40334,174.535,4071787,174.53071
2025-12-19,181.0,181.06,176.415,48043,176.665,4987999,179.798993
2025-12-22,183.675,184.16,182.37,28289,183.92,2413722,183.324132
2025-12-23,189.2,189.315,182.915,40354,182.96,3894703,187.087707
2025-12-24,188.625,188.705,186.6,14248,187.82,1244838,187.920324
2025-12-26,190.43,192.69,189.65,29095,189.92,2624648,191.38207
2025-12-29,188.23,188.74,185.96,26721,187.735,2188759,187.375991
2025-12-30,187.515,188.97,186.945,19829,188.21,1572752,187.765986
2025-12-31,186.52,190.55,186.5,22316,189.42,1724343,188.292351
2026-01-02,188.825,192.885,188.27,33778,189.8,2742114,189.980492
2026-01-05,188.13,193.59,186.16,37215,191.735,3894580,188.877196
2026-01-06,187.255,192.13,186.825,36545,190.44,3697948,189.223512
2026-01-07,189.17,191.335,186.56,30170,188.57,2716687,189.507895
2026-01-08,185.09,189.53,183.72,39747,189.04,3951943,185.448216
2026-01-09,184.82,186.325,183.735,28131,185.01,2646875,185.136366
2026-01-12,184.88,187.1,183.07,28558,183.185,2712269,185.509641
2026-01-13,185.79,188.1,183.41,33216,184.92,3415535,185.247954
2026-01-14,183.3,184.46,180.86,44417,184.325,4310903,182.015949
2026-01-15,187.15,189.7,186.34,41701,186.48,4338760,187.991725
2026-01-16,186.12,190.425,186.095,26360,188.985,2780304,188.195631
2026-01-20,178.15,182.315,177.65,46938,181.84,5032110,179.839985
2026-01-21,183.3,185.37,178.42,46480,179.06,5474004,181.874239
2026-01-22,184.84,186.16,183.93,32923,184.77,3498488,184.889845
2026-01-23,187.64,189.6,186.845,30658,187.51,3285830,187.848231
2026-01-26,186.41,189.115,186.0,23327,187.125,2582372,187.162227
2026-01-27,188.56,190.0,185.74,29887,187.29,3307933,188.726566
2026-01-28,191.52,192.335,189.845,30789,191.25,3032804,191.467418
2026-01-29,192.49,193.465,186.08,36821,191.265,3503730,189.561625
2026-01-30,191.13,194.475,189.485,46258,191.255,4306864,191.807862
2026-02-02,185.66,190.28,184.89,35260,187.2,3534375,187.819857
2026-02-03,180.28,186.185,176.245,51369,186.05,5177349,179.957889
2026-02-04,174.195,179.55,171.91,42256,179.43,4794069,175.173601
2026-02-05,171.82,176.795,171.11,54873,174.87,6856680,173.544704
2026-02-06,185.21,186.925,174.625,57817,176.55,6545464,183.391964
2026-02-09,189.92,193.655,184.065,52139,184.29,4904191,190.875086
2026-02-10,188.42,192.48,188.125,32654,191.375,3140267,189.458054
2026-02-11,189.98,193.23,188.78,40995,192.31,3358517,191.254152
2026-02-12,186.9,193.58,186.565,37968,192.98,3725199,189.58641
2026-02-13,182.78,187.405,181.6,39966,187.405,4199690,183.513691
2026-02-17,185.11,187.14,179.2,43753,181.75,4729350,183.623982
2026-02-18,187.89,190.37,186.77,36184,188.64,3858348,188.703373
2026-02-19,187.885,188.42,185.66,27651,187.02,2880200,186.996443
2026-02-20,189.76,190.32,185.95,47868,186.53,4749183,188.902265
2026-02-23,191.585,193.95,189.58,34475,191.405,3765048,191.409958
2026-02-24,192.865,193.75,187.43,37810,191.465,3784879,192.178574
2026-02-25,195.83,197.62,193.8,44685,194.47,4593038,196.296701
2026-02-26,185.295,194.13,184.605,51235,194.13,5055889,187.590562
