date,gap_pct,gap_band,rs_z_prior,rs_class_prior,ts_zone_prior_daily,slope_state_at_open,trend_score_at_open,ts_zone_at_open,bar_of_first_rising,has_rising_in_opening,open,high,low,close,open_to_close,open_to_high,open_to_low,reversal_ratio,cond1_gap,cond2_slope,cond3_rs,is_primary_event,gap_band_variant,rs_threshold_variant,slope_variant
2023-07-05,-0.4293910770951488,Tiny,-0.7048864367031458,Weak,NEUT,1.0,-38.263178777396845,BEAR,1.0,True,363.2283427115424,366.48921845817017,363.1889279109318,364.7848815917969,0.4285290262964467,0.8977481554123689,-0.0108512458902161,0.4835797509405786,True,True,True,True,Tiny,-0.5,RISING
2023-08-01,-0.3570735026485936,Tiny,-0.8707051256949138,Weak,NEUT,-1.0,-77.46629404581128,OS,4.0,True,376.6363350175519,377.8677844219054,375.04038139985886,377.1092224121094,0.1255554365288264,0.326959799111286,-0.4237386224615533,0.731710688613833,True,True,True,True,Tiny,-0.5,RISING
2023-12-05,-0.4995809565784533,Tiny,-1.0409618955183535,Crushed,BULL,-1.0,-22.600224741782903,NEUT,4.0,True,379.2336950637311,383.2885478750258,379.0560867539073,382.09478759765625,0.7544404864774334,1.0692227151949922,-0.0468334729048589,0.7179512715632237,True,True,True,True,Tiny,-0.5,RISING
2023-12-08,-0.4507888200881627,Tiny,-1.0374933223745602,Crushed,BULL,-1.0,-84.71774686674064,OS,3.0,True,383.4562520350247,387.353247228677,383.2687983557027,386.9093017578125,0.9005068256058572,1.0162815635344855,-0.048885284390899,0.8913083540347486,True,True,True,True,Tiny,-0.5,RISING
2024-01-04,-0.4744753782972365,Tiny,-0.5387829845856955,Weak,BULL,1.0,-82.04994803757442,OS,1.0,True,392.10939718203656,395.2249813820951,391.7335433716032,391.9511413574219,-0.0403601203521308,0.7945701435490313,-0.0958543235980777,0.0623233135357887,True,True,True,True,Tiny,-0.5,RISING
2024-01-16,-0.3052155104936,Tiny,-0.7431693447196611,Weak,NEUT,-1.0,-60.0501938819101,BEAR,2.0,True,403.8497045100903,406.62900624283634,402.3858608543528,405.0464782714844,0.2963413735428815,0.6882019973538431,-0.362472384996116,0.6270389471812206,True,True,True,True,Tiny,-0.5,RISING
2024-02-20,-0.4691524759146657,Tiny,-2.305929111120738,Crushed,NEUT,1.0,-44.03118723577621,BEAR,1.0,True,423.86861355765257,425.38189900812085,418.87379058422897,422.6520690917969,-0.2870098013733263,0.3570175762170365,-1.1783894380620905,0.5805494102860188,True,True,True,True,Tiny,-0.5,RISING
2024-02-28,-0.4958828744183432,Tiny,-1.426148143502513,Crushed,NEUT,-1.0,-75.6274623921825,OS,3.0,True,430.6734841008683,431.8999592325404,429.5558230574909,430.5152282714844,-0.0367461279196931,0.2847807392258429,-0.2595147100153521,0.4092787885811313,True,True,True,True,Tiny,-0.5,RISING
2024-03-11,-0.3439393151470198,Tiny,-1.5680164538301835,Crushed,NEUT,-1.0,-49.48685022619766,BEAR,2.0,True,432.7307448633055,433.8681764747113,430.68334985224834,432.612060546875,-0.0274268278460335,0.2628497339067184,-0.4731337062042874,0.6055936235345587,True,True,True,True,Tiny,-0.5,RISING
2024-03-19,-0.4640317754446361,Tiny,-1.1901151198619755,Crushed,BEAR,-1.0,-69.76371451318167,BEAR,2.0,True,431.2627591956044,434.7588137847426,429.1631195603212,434.3527526855469,0.7164990308242577,0.8106553405304563,-0.4868585544458974,0.9274332937236756,True,True,True,True,Tiny,-0.5,RISING
2025-07-11,-0.3870893242429121,Tiny,-1.0764731959022251,Crushed,BULL,-1.0,-86.55307071004336,OS,4.0,True,551.948121861809,554.432028356728,550.7011759598594,552.845947265625,0.1626648172635305,0.4500253550171293,-0.2259172289133773,0.5748743390560784,True,True,True,True,Tiny,-0.5,RISING
2025-11-17,-0.4204537514768969,Tiny,-0.8886653558563423,Weak,OS,-1.0,-21.1965954655001,NEUT,2.0,True,605.5198574697043,611.6918983068232,599.098138309288,602.8832397460938,-0.4354304307423147,1.019296190039095,-1.0605299035527802,0.3005537216483873,True,True,True,True,Tiny,-0.5,RISING
2025-12-16,-0.373439608637112,Tiny,-1.2901148122382655,Crushed,BEAR,-1.0,-37.5108202474,BEAR,2.0,True,607.4773301066649,612.7205746597449,606.1290306476157,610.9628295898438,0.57376618195231,0.8631177318434822,-0.2219505802484044,0.7333333333333311,True,True,True,True,Tiny,-0.5,RISING
2026-02-09,-0.3461078163240829,Tiny,-1.526929707588866,Crushed,BEAR,-1.0,-93.89360603068695,OS,2.0,True,607.5399780273438,616.4600219726562,605.0700073242188,614.3200073242188,1.1159807653957958,1.4682233709583197,-0.4065527854059726,0.8121148466888872,True,True,True,True,Tiny,-0.5,RISING
2023-08-01,-0.3570735026485936,Tiny,-0.8707051256949138,Weak,NEUT,-1.0,-77.46629404581128,OS,4.0,True,376.6363350175519,377.8677844219054,375.04038139985886,377.1092224121094,0.1255554365288264,0.326959799111286,-0.4237386224615533,0.731710688613833,True,True,True,True,Tiny,-0.5,DROPPING
2023-12-05,-0.4995809565784533,Tiny,-1.0409618955183535,Crushed,BULL,-1.0,-22.600224741782903,NEUT,4.0,True,379.2336950637311,383.2885478750258,379.0560867539073,382.09478759765625,0.7544404864774334,1.0692227151949922,-0.0468334729048589,0.7179512715632237,True,True,True,True,Tiny,-0.5,DROPPING
2023-12-08,-0.4507888200881627,Tiny,-1.0374933223745602,Crushed,BULL,-1.0,-84.71774686674064,OS,3.0,True,383.4562520350247,387.353247228677,383.2687983557027,386.9093017578125,0.9005068256058572,1.0162815635344855,-0.048885284390899,0.8913083540347486,True,True,True,True,Tiny,-0.5,DROPPING
2024-01-16,-0.3052155104936,Tiny,-0.7431693447196611,Weak,NEUT,-1.0,-60.0501938819101,BEAR,2.0,True,403.8497045100903,406.62900624283634,402.3858608543528,405.0464782714844,0.2963413735428815,0.6882019973538431,-0.362472384996116,0.6270389471812206,True,True,True,True,Tiny,-0.5,DROPPING
2024-02-28,-0.4958828744183432,Tiny,-1.426148143502513,Crushed,NEUT,-1.0,-75.6274623921825,OS,3.0,True,430.6734841008683,431.8999592325404,429.5558230574909,430.5152282714844,-0.0367461279196931,0.2847807392258429,-0.2595147100153521,0.4092787885811313,True,True,True,True,Tiny,-0.5,DROPPING
2024-03-11,-0.3439393151470198,Tiny,-1.5680164538301835,Crushed,NEUT,-1.0,-49.48685022619766,BEAR,2.0,True,432.7307448633055,433.8681764747113,430.68334985224834,432.612060546875,-0.0274268278460335,0.2628497339067184,-0.4731337062042874,0.6055936235345587,True,True,True,True,Tiny,-0.5,DROPPING
2024-03-19,-0.4640317754446361,Tiny,-1.1901151198619755,Crushed,BEAR,-1.0,-69.76371451318167,BEAR,2.0,True,431.2627591956044,434.7588137847426,429.1631195603212,434.3527526855469,0.7164990308242577,0.8106553405304563,-0.4868585544458974,0.9274332937236756,True,True,True,True,Tiny,-0.5,DROPPING
2024-04-03,-0.4874057530869097,Tiny,-1.5057879288787903,Crushed,BEAR,-1.0,-11.44295610352678,NEUT,,False,434.7389953416227,439.7305396599772,434.7291120530437,437.8488159179688,0.7153304878717844,1.148170367011151,-0.0022733844179792,0.6237626754009709,True,True,True,True,Tiny,-0.5,DROPPING
2025-01-23,-0.4647148664268408,Tiny,-0.7757737167272815,Weak,NEUT,-1.0,-82.79037499438816,OS,,False,526.3704605822451,530.0717211689421,525.7834717090722,529.9523315429688,0.6804847971068869,0.703166469980639,-0.1115163021351189,0.9721588897542942,True,True,True,True,Tiny,-0.5,DROPPING
2025-03-27,-0.4067004836524387,Tiny,-0.581505713251302,Weak,BEAR,-1.0,-5.369767233014652,NEUT,,False,480.691552269481,484.8466807759458,478.53924301933046,479.90435791015625,-0.163762886118591,0.8644063925915179,-0.4477526680027743,0.2164293875740651,True,True,True,True,Tiny,-0.5,DROPPING
2025-04-01,-0.3454786216235725,Tiny,-0.5167604832041044,Weak,BEAR,-1.0,19.29786934982801,NEUT,,False,465.6353253704141,471.94279304476703,462.7656103358645,471.01611328125,1.1555798320403396,1.354593891547069,-0.6163009716384211,0.8990235028645466,True,True,True,True,Tiny,-0.5,DROPPING
2025-07-07,-0.4854075936870096,Tiny,-0.9639977500454512,Weak,BULL,-1.0,-88.55025221501482,OS,,False,552.1676854094138,552.9856893302406,548.2373089969742,550.6813354492188,-0.2691845248229244,0.1481441131818918,-0.7118084807019034,0.5147073908806541,True,True,True,True,Tiny,-0.5,DROPPING
2025-07-11,-0.3870893242429121,Tiny,-1.0764731959022251,Crushed,BULL,-1.0,-86.55307071004336,OS,4.0,True,551.948121861809,554.432028356728,550.7011759598594,552.845947265625,0.1626648172635305,0.4500253550171293,-0.2259172289133773,0.5748743390560784,True,True,True,True,Tiny,-0.5,DROPPING
2025-08-29,-0.4193644158109196,Tiny,-1.3782322282216155,Crushed,NEUT,-1.0,-100.0,OS,,False,573.2559494077193,573.6251014295405,567.1509068169219,569.0064086914062,-0.7412990167312908,0.0643956721604989,-1.0649767520258775,0.2865996445129879,True,True,True,True,Tiny,-0.5,DROPPING
2025-11-17,-0.4204537514768969,Tiny,-0.8886653558563423,Weak,OS,-1.0,-21.1965954655001,NEUT,2.0,True,605.5198574697043,611.6918983068232,599.098138309288,602.8832397460938,-0.4354304307423147,1.019296190039095,-1.0605299035527802,0.3005537216483873,True,True,True,True,Tiny,-0.5,DROPPING
2025-12-03,-0.382637001180663,Tiny,-1.5050552276849984,Crushed,BEAR,-1.0,-88.01312191062435,OS,,False,618.8227062993094,623.4167629201941,617.2347863490129,622.7177124023438,0.6294219755327511,0.7423865630849403,-0.2566033751076469,0.8869211958665277,True,True,True,True,Tiny,-0.5,DROPPING
2025-12-16,-0.373439608637112,Tiny,-1.2901148122382655,Crushed,BEAR,-1.0,-37.5108202474,BEAR,2.0,True,607.4773301066649,612.7205746597449,606.1290306476157,610.9628295898438,0.57376618195231,0.8631177318434822,-0.2219505802484044,0.7333333333333311,True,True,True,True,Tiny,-0.5,DROPPING
2026-02-09,-0.3461078163240829,Tiny,-1.526929707588866,Crushed,BEAR,-1.0,-93.89360603068695,OS,2.0,True,607.5399780273438,616.4600219726562,605.0700073242188,614.3200073242188,1.1159807653957958,1.4682233709583197,-0.4065527854059726,0.8121148466888872,True,True,True,True,Tiny,-0.5,DROPPING
2023-12-05,-0.4995809565784533,Tiny,-1.0409618955183535,Crushed,BULL,-1.0,-22.600224741782903,NEUT,4.0,True,379.2336950637311,383.2885478750258,379.0560867539073,382.09478759765625,0.7544404864774334,1.0692227151949922,-0.0468334729048589,0.7179512715632237,True,True,True,True,Tiny,-1.0,RISING
2023-12-08,-0.4507888200881627,Tiny,-1.0374933223745602,Crushed,BULL,-1.0,-84.71774686674064,OS,3.0,True,383.4562520350247,387.353247228677,383.2687983557027,386.9093017578125,0.9005068256058572,1.0162815635344855,-0.048885284390899,0.8913083540347486,True,True,True,True,Tiny,-1.0,RISING
2024-02-20,-0.4691524759146657,Tiny,-2.305929111120738,Crushed,NEUT,1.0,-44.03118723577621,BEAR,1.0,True,423.86861355765257,425.38189900812085,418.87379058422897,422.6520690917969,-0.2870098013733263,0.3570175762170365,-1.1783894380620905,0.5805494102860188,True,True,True,True,Tiny,-1.0,RISING
2024-02-28,-0.4958828744183432,Tiny,-1.426148143502513,Crushed,NEUT,-1.0,-75.6274623921825,OS,3.0,True,430.6734841008683,431.8999592325404,429.5558230574909,430.5152282714844,-0.0367461279196931,0.2847807392258429,-0.2595147100153521,0.4092787885811313,True,True,True,True,Tiny,-1.0,RISING
2024-03-11,-0.3439393151470198,Tiny,-1.5680164538301835,Crushed,NEUT,-1.0,-49.48685022619766,BEAR,2.0,True,432.7307448633055,433.8681764747113,430.68334985224834,432.612060546875,-0.0274268278460335,0.2628497339067184,-0.4731337062042874,0.6055936235345587,True,True,True,True,Tiny,-1.0,RISING
2024-03-19,-0.4640317754446361,Tiny,-1.1901151198619755,Crushed,BEAR,-1.0,-69.76371451318167,BEAR,2.0,True,431.2627591956044,434.7588137847426,429.1631195603212,434.3527526855469,0.7164990308242577,0.8106553405304563,-0.4868585544458974,0.9274332937236756,True,True,True,True,Tiny,-1.0,RISING
2025-07-11,-0.3870893242429121,Tiny,-1.0764731959022251,Crushed,BULL,-1.0,-86.55307071004336,OS,4.0,True,551.948121861809,554.432028356728,550.7011759598594,552.845947265625,0.1626648172635305,0.4500253550171293,-0.2259172289133773,0.5748743390560784,True,True,True,True,Tiny,-1.0,RISING
2025-12-16,-0.373439608637112,Tiny,-1.2901148122382655,Crushed,BEAR,-1.0,-37.5108202474,BEAR,2.0,True,607.4773301066649,612.7205746597449,606.1290306476157,610.9628295898438,0.57376618195231,0.8631177318434822,-0.2219505802484044,0.7333333333333311,True,True,True,True,Tiny,-1.0,RISING
2026-02-09,-0.3461078163240829,Tiny,-1.526929707588866,Crushed,BEAR,-1.0,-93.89360603068695,OS,2.0,True,607.5399780273438,616.4600219726562,605.0700073242188,614.3200073242188,1.1159807653957958,1.4682233709583197,-0.4065527854059726,0.8121148466888872,True,True,True,True,Tiny,-1.0,RISING
2023-12-05,-0.4995809565784533,Tiny,-1.0409618955183535,Crushed,BULL,-1.0,-22.600224741782903,NEUT,4.0,True,379.2336950637311,383.2885478750258,379.0560867539073,382.09478759765625,0.7544404864774334,1.0692227151949922,-0.0468334729048589,0.7179512715632237,True,True,True,True,Tiny,-1.0,DROPPING
2023-12-08,-0.4507888200881627,Tiny,-1.0374933223745602,Crushed,BULL,-1.0,-84.71774686674064,OS,3.0,True,383.4562520350247,387.353247228677,383.2687983557027,386.9093017578125,0.9005068256058572,1.0162815635344855,-0.048885284390899,0.8913083540347486,True,True,True,True,Tiny,-1.0,DROPPING
2024-02-28,-0.4958828744183432,Tiny,-1.426148143502513,Crushed,NEUT,-1.0,-75.6274623921825,OS,3.0,True,430.6734841008683,431.8999592325404,429.5558230574909,430.5152282714844,-0.0367461279196931,0.2847807392258429,-0.2595147100153521,0.4092787885811313,True,True,True,True,Tiny,-1.0,DROPPING
2024-03-11,-0.3439393151470198,Tiny,-1.5680164538301835,Crushed,NEUT,-1.0,-49.48685022619766,BEAR,2.0,True,432.7307448633055,433.8681764747113,430.68334985224834,432.612060546875,-0.0274268278460335,0.2628497339067184,-0.4731337062042874,0.6055936235345587,True,True,True,True,Tiny,-1.0,DROPPING
2024-03-19,-0.4640317754446361,Tiny,-1.1901151198619755,Crushed,BEAR,-1.0,-69.76371451318167,BEAR,2.0,True,431.2627591956044,434.7588137847426,429.1631195603212,434.3527526855469,0.7164990308242577,0.8106553405304563,-0.4868585544458974,0.9274332937236756,True,True,True,True,Tiny,-1.0,DROPPING
2024-04-03,-0.4874057530869097,Tiny,-1.5057879288787903,Crushed,BEAR,-1.0,-11.44295610352678,NEUT,,False,434.7389953416227,439.7305396599772,434.7291120530437,437.8488159179688,0.7153304878717844,1.148170367011151,-0.0022733844179792,0.6237626754009709,True,True,True,True,Tiny,-1.0,DROPPING
2025-07-11,-0.3870893242429121,Tiny,-1.0764731959022251,Crushed,BULL,-1.0,-86.55307071004336,OS,4.0,True,551.948121861809,554.432028356728,550.7011759598594,552.845947265625,0.1626648172635305,0.4500253550171293,-0.2259172289133773,0.5748743390560784,True,True,True,True,Tiny,-1.0,DROPPING
2025-08-29,-0.4193644158109196,Tiny,-1.3782322282216155,Crushed,NEUT,-1.0,-100.0,OS,,False,573.2559494077193,573.6251014295405,567.1509068169219,569.0064086914062,-0.7412990167312908,0.0643956721604989,-1.0649767520258775,0.2865996445129879,True,True,True,True,Tiny,-1.0,DROPPING
2025-12-03,-0.382637001180663,Tiny,-1.5050552276849984,Crushed,BEAR,-1.0,-88.01312191062435,OS,,False,618.8227062993094,623.4167629201941,617.2347863490129,622.7177124023438,0.6294219755327511,0.7423865630849403,-0.2566033751076469,0.8869211958665277,True,True,True,True,Tiny,-1.0,DROPPING
2025-12-16,-0.373439608637112,Tiny,-1.2901148122382655,Crushed,BEAR,-1.0,-37.5108202474,BEAR,2.0,True,607.4773301066649,612.7205746597449,606.1290306476157,610.9628295898438,0.57376618195231,0.8631177318434822,-0.2219505802484044,0.7333333333333311,True,True,True,True,Tiny,-1.0,DROPPING
2026-02-09,-0.3461078163240829,Tiny,-1.526929707588866,Crushed,BEAR,-1.0,-93.89360603068695,OS,2.0,True,607.5399780273438,616.4600219726562,605.0700073242188,614.3200073242188,1.1159807653957958,1.4682233709583197,-0.4065527854059726,0.8121148466888872,True,True,True,True,Tiny,-1.0,DROPPING
2024-02-20,-0.4691524759146657,Tiny,-2.305929111120738,Crushed,NEUT,1.0,-44.03118723577621,BEAR,1.0,True,423.86861355765257,425.38189900812085,418.87379058422897,422.6520690917969,-0.2870098013733263,0.3570175762170365,-1.1783894380620905,0.5805494102860188,True,True,True,True,Tiny,-1.5,RISING
2024-03-11,-0.3439393151470198,Tiny,-1.5680164538301835,Crushed,NEUT,-1.0,-49.48685022619766,BEAR,2.0,True,432.7307448633055,433.8681764747113,430.68334985224834,432.612060546875,-0.0274268278460335,0.2628497339067184,-0.4731337062042874,0.6055936235345587,True,True,True,True,Tiny,-1.5,RISING
2026-02-09,-0.3461078163240829,Tiny,-1.526929707588866,Crushed,BEAR,-1.0,-93.89360603068695,OS,2.0,True,607.5399780273438,616.4600219726562,605.0700073242188,614.3200073242188,1.1159807653957958,1.4682233709583197,-0.4065527854059726,0.8121148466888872,True,True,True,True,Tiny,-1.5,RISING
2024-03-11,-0.3439393151470198,Tiny,-1.5680164538301835,Crushed,NEUT,-1.0,-49.48685022619766,BEAR,2.0,True,432.7307448633055,433.8681764747113,430.68334985224834,432.612060546875,-0.0274268278460335,0.2628497339067184,-0.4731337062042874,0.6055936235345587,True,True,True,True,Tiny,-1.5,DROPPING
2024-04-03,-0.4874057530869097,Tiny,-1.5057879288787903,Crushed,BEAR,-1.0,-11.44295610352678,NEUT,,False,434.7389953416227,439.7305396599772,434.7291120530437,437.8488159179688,0.7153304878717844,1.148170367011151,-0.0022733844179792,0.6237626754009709,True,True,True,True,Tiny,-1.5,DROPPING
2025-12-03,-0.382637001180663,Tiny,-1.5050552276849984,Crushed,BEAR,-1.0,-88.01312191062435,OS,,False,618.8227062993094,623.4167629201941,617.2347863490129,622.7177124023438,0.6294219755327511,0.7423865630849403,-0.2566033751076469,0.8869211958665277,True,True,True,True,Tiny,-1.5,DROPPING
2026-02-09,-0.3461078163240829,Tiny,-1.526929707588866,Crushed,BEAR,-1.0,-93.89360603068695,OS,2.0,True,607.5399780273438,616.4600219726562,605.0700073242188,614.3200073242188,1.1159807653957958,1.4682233709583197,-0.4065527854059726,0.8121148466888872,True,True,True,True,Tiny,-1.5,DROPPING
2024-02-20,-0.4691524759146657,Tiny,-2.305929111120738,Crushed,NEUT,1.0,-44.03118723577621,BEAR,1.0,True,423.86861355765257,425.38189900812085,418.87379058422897,422.6520690917969,-0.2870098013733263,0.3570175762170365,-1.1783894380620905,0.5805494102860188,True,True,True,True,Tiny,-2.0,RISING
2023-06-28,-0.5084701864998009,Small,-0.8681595930705339,Weak,NEUT,-1.0,-83.69937099568011,OS,4.0,True,356.6080599092529,361.08066255918993,356.5292303100963,359.13006591796875,0.7072206975236669,1.2542068317455226,-0.0221053890864609,0.5714323460247881,True,True,True,True,Small,-0.5,RISING
2023-08-03,-0.6543992175278067,Small,-1.2746873638697038,Crushed,BEAR,-1.0,-43.97887787600162,BEAR,3.0,True,366.4202770315307,370.3707767884127,366.2527866651259,368.2428283691406,0.4973936902113883,1.078133499839595,-0.0457099066027963,0.4832555796482527,True,True,True,True,Small,-0.5,RISING
2024-01-03,-0.6607293514421301,Small,-0.7491172857642842,Weak,BULL,-1.0,7.75156029671749,NEUT,4.0,True,395.56125728435336,396.61957611570585,393.543563467669,393.9787292480469,-0.4000715457249313,0.2675486569686248,-0.5100837808374941,0.1414707383129911,True,True,True,True,Small,-0.5,RISING
2024-03-05,-0.6936653769157786,Small,-0.5032857344150283,Weak,NEUT,0.0,-100.0,OS,2.0,True,436.1232794281308,436.1331798494727,428.9129051911213,431.2866821289063,-1.1089977369624695,0.002270096967741,-1.6532880901162017,0.3287654625491785,True,True,True,True,Small,-0.5,RISING
2025-03-04,-0.5774058626220108,Small,-1.41486883106044,Crushed,OS,1.0,-73.70740232838756,OS,1.0,True,491.68635636601033,501.19811409825184,485.2788502299198,493.0494384765625,0.2772259374098831,1.9345173216807692,-1.3031693991770663,0.4881248474121111,True,True,True,True,Small,-0.5,RISING
2025-11-18,-0.669246761369897,Small,-1.001164056714832,Crushed,OS,-1.0,-8.997884988336184,NEUT,2.0,True,598.8484631892511,601.5350044005672,590.5791487748494,595.542724609375,-0.5520158743116637,0.4486178685353178,-1.3808692720629745,0.4530523223466074,True,True,True,True,Small,-0.5,RISING
2026-01-12,-0.6925758695257073,Small,-0.9854617452776764,Weak,BEAR,1.0,-84.14213636052051,OS,1.0,True,622.3099975585938,628.8499755859375,622.260009765625,627.1699829101562,0.7809589064339123,1.0509196466392905,-0.0080326192998439,0.7450680744651292,True,True,True,True,Small,-0.5,RISING
2023-06-28,-0.5084701864998009,Small,-0.8681595930705339,Weak,NEUT,-1.0,-83.69937099568011,OS,4.0,True,356.6080599092529,361.08066255918993,356.5292303100963,359.13006591796875,0.7072206975236669,1.2542068317455226,-0.0221053890864609,0.5714323460247881,True,True,True,True,Small,-0.5,DROPPING
2023-08-03,-0.6543992175278067,Small,-1.2746873638697038,Crushed,BEAR,-1.0,-43.97887787600162,BEAR,3.0,True,366.4202770315307,370.3707767884127,366.2527866651259,368.2428283691406,0.4973936902113883,1.078133499839595,-0.0457099066027963,0.4832555796482527,True,True,True,True,Small,-0.5,DROPPING
2023-08-08,-0.6796627755487256,Small,-1.0575776311289515,Crushed,BEAR,-1.0,-97.66385725674928,OS,,False,367.1098866903734,367.1295790590286,363.3465698139682,366.4793701171875,-0.1717514553667384,0.0053641618951494,-1.0251200016248152,0.8281238824118461,True,True,True,True,Small,-0.5,DROPPING
2024-01-03,-0.6607293514421301,Small,-0.7491172857642842,Weak,BULL,-1.0,7.75156029671749,NEUT,4.0,True,395.56125728435336,396.61957611570585,393.543563467669,393.9787292480469,-0.4000715457249313,0.2675486569686248,-0.5100837808374941,0.1414707383129911,True,True,True,True,Small,-0.5,DROPPING
2024-02-21,-0.6482314448484459,Small,-2.2827260979172417,Crushed,NEUT,-1.0,-9.584251180406143,NEUT,,False,419.91230547764127,421.04976730062936,417.0242197609672,420.9607238769531,0.2496755597860612,0.2708808025271486,-0.6877830630347801,0.9778804192972708,True,True,True,True,Small,-0.5,DROPPING
2024-03-15,-0.6990917790658416,Small,-1.890837046607724,Crushed,BEAR,-1.0,-69.86374333314885,BEAR,,False,431.3065006408254,434.0759021509928,428.0128597254418,429.1799926757813,-0.4930387002942378,0.6420959355012533,-0.7636427715534054,0.1924995519445747,True,True,True,True,Small,-0.5,DROPPING
2024-03-25,-0.6339821675244804,Small,-0.5499838595948762,Weak,BEAR,-1.0,-83.73306836988313,OS,,False,439.2848593167333,441.968822012634,438.284591919368,440.4832458496094,0.2728039693287127,0.6109845670700753,-0.2277035905405696,0.5967743258652753,True,True,True,True,Small,-0.5,DROPPING
2025-02-05,-0.5052677641460447,Small,-0.6981612844097548,Weak,BEAR,-1.0,-84.319740573273,OS,,False,519.1868804659659,524.3506939252882,517.9929235736566,524.1914672851562,0.963927827817747,0.994596291548767,-0.2299666916154999,0.9749555848472792,True,True,True,True,Small,-0.5,DROPPING
2025-03-18,-0.6959794656446292,Small,-1.6979988039908809,Crushed,OS,-1.0,-56.1956065475736,BEAR,,False,476.9908675616912,477.1898401296811,470.0261900467741,472.14544677734375,-1.0158309338534133,0.0417141252634554,-1.4601280629374525,0.2958347638484395,True,True,True,True,Small,-0.5,DROPPING
2025-11-18,-0.669246761369897,Small,-1.001164056714832,Crushed,OS,-1.0,-8.997884988336184,NEUT,2.0,True,598.8484631892511,601.5350044005672,590.5791487748494,595.542724609375,-0.5520158743116637,0.4486178685353178,-1.3808692720629745,0.4530523223466074,True,True,True,True,Small,-0.5,DROPPING
2025-12-12,-0.5594820942947718,Small,-0.6264794983872461,Weak,BEAR,-1.0,-49.26968461317416,BEAR,,False,621.2795807165155,622.7376631081598,610.5733425467316,612.8304443359375,-1.3599571984699237,0.2346902162731202,-1.7232560834264807,0.1855509954549298,True,True,True,True,Small,-0.5,DROPPING
2023-08-03,-0.6543992175278067,Small,-1.2746873638697038,Crushed,BEAR,-1.0,-43.97887787600162,BEAR,3.0,True,366.4202770315307,370.3707767884127,366.2527866651259,368.2428283691406,0.4973936902113883,1.078133499839595,-0.0457099066027963,0.4832555796482527,True,True,True,True,Small,-1.0,RISING
2025-03-04,-0.5774058626220108,Small,-1.41486883106044,Crushed,OS,1.0,-73.70740232838756,OS,1.0,True,491.68635636601033,501.19811409825184,485.2788502299198,493.0494384765625,0.2772259374098831,1.9345173216807692,-1.3031693991770663,0.4881248474121111,True,True,True,True,Small,-1.0,RISING
2025-11-18,-0.669246761369897,Small,-1.001164056714832,Crushed,OS,-1.0,-8.997884988336184,NEUT,2.0,True,598.8484631892511,601.5350044005672,590.5791487748494,595.542724609375,-0.5520158743116637,0.4486178685353178,-1.3808692720629745,0.4530523223466074,True,True,True,True,Small,-1.0,RISING
2023-08-03,-0.6543992175278067,Small,-1.2746873638697038,Crushed,BEAR,-1.0,-43.97887787600162,BEAR,3.0,True,366.4202770315307,370.3707767884127,366.2527866651259,368.2428283691406,0.4973936902113883,1.078133499839595,-0.0457099066027963,0.4832555796482527,True,True,True,True,Small,-1.0,DROPPING
2023-08-08,-0.6796627755487256,Small,-1.0575776311289515,Crushed,BEAR,-1.0,-97.66385725674928,OS,,False,367.1098866903734,367.1295790590286,363.3465698139682,366.4793701171875,-0.1717514553667384,0.0053641618951494,-1.0251200016248152,0.8281238824118461,True,True,True,True,Small,-1.0,DROPPING
2024-02-21,-0.6482314448484459,Small,-2.2827260979172417,Crushed,NEUT,-1.0,-9.584251180406143,NEUT,,False,419.91230547764127,421.04976730062936,417.0242197609672,420.9607238769531,0.2496755597860612,0.2708808025271486,-0.6877830630347801,0.9778804192972708,True,True,True,True,Small,-1.0,DROPPING
2024-03-15,-0.6990917790658416,Small,-1.890837046607724,Crushed,BEAR,-1.0,-69.86374333314885,BEAR,,False,431.3065006408254,434.0759021509928,428.0128597254418,429.1799926757813,-0.4930387002942378,0.6420959355012533,-0.7636427715534054,0.1924995519445747,True,True,True,True,Small,-1.0,DROPPING
2025-03-18,-0.6959794656446292,Small,-1.6979988039908809,Crushed,OS,-1.0,-56.1956065475736,BEAR,,False,476.9908675616912,477.1898401296811,470.0261900467741,472.14544677734375,-1.0158309338534133,0.0417141252634554,-1.4601280629374525,0.2958347638484395,True,True,True,True,Small,-1.0,DROPPING
2025-11-18,-0.669246761369897,Small,-1.001164056714832,Crushed,OS,-1.0,-8.997884988336184,NEUT,2.0,True,598.8484631892511,601.5350044005672,590.5791487748494,595.542724609375,-0.5520158743116637,0.4486178685353178,-1.3808692720629745,0.4530523223466074,True,True,True,True,Small,-1.0,DROPPING
2024-02-21,-0.6482314448484459,Small,-2.2827260979172417,Crushed,NEUT,-1.0,-9.584251180406143,NEUT,,False,419.91230547764127,421.04976730062936,417.0242197609672,420.9607238769531,0.2496755597860612,0.2708808025271486,-0.6877830630347801,0.9778804192972708,True,True,True,True,Small,-1.5,DROPPING
2024-03-15,-0.6990917790658416,Small,-1.890837046607724,Crushed,BEAR,-1.0,-69.86374333314885,BEAR,,False,431.3065006408254,434.0759021509928,428.0128597254418,429.1799926757813,-0.4930387002942378,0.6420959355012533,-0.7636427715534054,0.1924995519445747,True,True,True,True,Small,-1.5,DROPPING
2025-03-18,-0.6959794656446292,Small,-1.6979988039908809,Crushed,OS,-1.0,-56.1956065475736,BEAR,,False,476.9908675616912,477.1898401296811,470.0261900467741,472.14544677734375,-1.0158309338534133,0.0417141252634554,-1.4601280629374525,0.2958347638484395,True,True,True,True,Small,-1.5,DROPPING
2024-02-21,-0.6482314448484459,Small,-2.2827260979172417,Crushed,NEUT,-1.0,-9.584251180406143,NEUT,,False,419.91230547764127,421.04976730062936,417.0242197609672,420.9607238769531,0.2496755597860612,0.2708808025271486,-0.6877830630347801,0.9778804192972708,True,True,True,True,Small,-2.0,DROPPING
2023-07-20,-0.7882745492023369,Primary,-0.6207487609311679,Weak,BULL,1.0,-65.75120849003153,BEAR,1.0,True,376.9319221520703,378.3998304858376,370.14418774504543,371.1687622070313,-1.5289657379334074,0.3894359292750698,-1.8007852368328725,0.1241059593002164,True,True,True,True,Primary,-0.5,RISING
2023-08-11,-0.7053906327095026,Primary,-1.6231576949583535,Crushed,OS,0.0,-70.30408018245056,OS,2.0,True,360.55858068613566,362.5387612582735,359.2778851314787,360.8048706054688,0.0683078790870726,0.5491980161364061,-0.355197635906996,0.4682746030868187,True,True,True,True,Primary,-0.5,RISING
2024-01-09,-0.7507169276790545,Primary,-0.8222479625692962,Weak,NEUT,0.0,-98.55460557893426,OS,3.0,True,397.519638814638,402.2474220769775,397.3218114911748,401.3176879882813,0.9554368646964764,1.189320677699669,-0.0497654214149201,0.8112449060881902,True,True,True,True,Primary,-0.5,RISING
2025-03-20,-0.8338758205381616,Primary,-1.6384600557072533,Crushed,OS,-1.0,-29.84755588580586,NEUT,,False,474.4736490056198,482.1049288704296,473.7771690886222,476.8416442871094,0.4990783548153455,1.6083674785318636,-0.1467900100368566,0.3679831405778229,True,True,True,True,Primary,-0.5,DROPPING
2023-08-11,-0.7053906327095026,Primary,-1.6231576949583535,Crushed,OS,0.0,-70.30408018245056,OS,2.0,True,360.55858068613566,362.5387612582735,359.2778851314787,360.8048706054688,0.0683078790870726,0.5491980161364061,-0.355197635906996,0.4682746030868187,True,True,True,True,Primary,-1.0,RISING
2025-03-20,-0.8338758205381616,Primary,-1.6384600557072533,Crushed,OS,-1.0,-29.84755588580586,NEUT,,False,474.4736490056198,482.1049288704296,473.7771690886222,476.8416442871094,0.4990783548153455,1.6083674785318636,-0.1467900100368566,0.3679831405778229,True,True,True,True,Primary,-1.0,DROPPING
2023-08-11,-0.7053906327095026,Primary,-1.6231576949583535,Crushed,OS,0.0,-70.30408018245056,OS,2.0,True,360.55858068613566,362.5387612582735,359.2778851314787,360.8048706054688,0.0683078790870726,0.5491980161364061,-0.355197635906996,0.4682746030868187,True,True,True,True,Primary,-1.5,RISING
2025-03-20,-0.8338758205381616,Primary,-1.6384600557072533,Crushed,OS,-1.0,-29.84755588580586,NEUT,,False,474.4736490056198,482.1049288704296,473.7771690886222,476.8416442871094,0.4990783548153455,1.6083674785318636,-0.1467900100368566,0.3679831405778229,True,True,True,True,Primary,-1.5,DROPPING
2023-07-06,-1.0181483472369024,Large,-0.7243328200673137,Weak,NEUT,0.0,-96.85098931287143,OS,2.0,True,361.0708303488999,362.4500476832648,359.11034243267966,362.0067138671875,0.259196656064202,0.3819797165648033,-0.5429649119885539,0.8672536098808012,True,True,True,True,Large,-0.5,RISING
2023-08-02,-0.9221669326674888,Large,-0.8970210818534403,Weak,NEUT,0.0,-100.0,OS,4.0,True,373.6316458629854,373.6316458629854,367.5926126020604,368.83392333984375,-1.2840782027604354,0.0,-1.61630668274271,0.2055479220184353,True,True,True,True,Large,-0.5,RISING
2023-08-18,-0.9258577514244384,Large,-1.0858121130675875,Crushed,OS,1.0,-57.77012211590687,BEAR,1.0,True,349.9878430661179,354.0762497897633,349.4459871947459,352.81524658203125,0.8078576361805905,1.16815678162658,-0.1548213408285768,0.7276605415232766,True,True,True,True,Large,-0.5,RISING
2025-03-21,-1.0808361991427249,Large,-1.6051715916606737,Crushed,OS,1.0,-11.4247993214588,NEUT,1.0,True,471.6877671830669,479.1797694014654,470.52368803573967,478.4136657714844,1.4259217763023042,1.5883393082549004,-0.2467901922238004,0.9114953293976098,True,True,True,True,Large,-0.5,RISING
2025-08-01,-1.0937903953912056,Large,-0.6401401235836801,Weak,NEUT,-1.0,-85.40760217344258,OS,4.0,True,557.4646514509443,557.6541896674577,550.3320963877643,552.5267333984375,-0.8857813745956103,0.0340000421587356,-1.279463199077414,0.2997280868791538,True,True,True,True,Large,-0.5,RISING
2025-11-14,-1.4546440696382397,Large,-0.888820615760729,Weak,BEAR,1.0,-78.16466667313202,OS,1.0,True,598.7785201159286,612.5607508498654,596.4015776914192,608.0765380859375,1.5528309145439516,2.301724305552649,-0.3969652124543762,0.7224973877092193,True,True,True,True,Large,-0.5,RISING
2025-12-01,-0.907547202713272,Large,-1.7590166459416747,Crushed,OS,-1.0,-100.0,OS,4.0,True,612.8404314452031,618.642953131189,611.7318743402105,616.3758544921875,0.5768912861455908,0.9468242283398872,-0.1808883761762156,0.6719616853506455,True,True,True,True,Large,-0.5,RISING
2026-02-05,-0.9145650891198928,Large,-1.8404060993260016,Crushed,BEAR,-1.0,-31.017646574031428,BEAR,2.0,True,600.2100219726562,604.8099975585938,594.760009765625,597.030029296875,-0.5298133252307008,0.7663943315740004,-0.9080175284509888,0.2258728645260811,True,True,True,True,Large,-0.5,RISING
2024-04-02,-1.0945036663696552,Large,-1.5869774823158949,Crushed,BEAR,-1.0,-100.0,OS,,False,435.8482222344713,437.1852468167658,433.8179469153706,436.8683166503906,0.234048084603766,0.3067638031055818,-0.4658216359566678,0.905880029799582,True,True,True,True,Large,-0.5,DROPPING
2024-07-24,-1.414842789423633,Large,-1.1465281444939792,Crushed,NEUT,-1.0,-100.0,OS,,False,470.00964098720937,470.3766606771933,458.79059618135454,459.6535949707031,-2.2033688489356043,0.0780876939487944,-2.386981846221349,0.0744859300290047,True,True,True,True,Large,-0.5,DROPPING
2025-03-21,-1.0808361991427249,Large,-1.6051715916606737,Crushed,OS,1.0,-11.4247993214588,NEUT,1.0,True,471.6877671830669,479.1797694014654,470.52368803573967,478.4136657714844,1.4259217763023042,1.5883393082549004,-0.2467901922238004,0.9114953293976098,True,True,True,True,Large,-0.5,DROPPING
2025-04-02,-1.3920024332309382,Large,-0.746704129886764,Weak,BEAR,-1.0,-20.172529075393893,NEUT,,False,464.4595575234652,477.85168326885497,464.2004739785432,474.4538269042969,2.15180616244004,2.883378224962713,-0.0557817232362435,0.7510948449842065,True,True,True,True,Large,-0.5,DROPPING
2025-08-01,-1.0937903953912056,Large,-0.6401401235836801,Weak,NEUT,-1.0,-85.40760217344258,OS,4.0,True,557.4646514509443,557.6541896674577,550.3320963877643,552.5267333984375,-0.8857813745956103,0.0340000421587356,-1.279463199077414,0.2997280868791538,True,True,True,True,Large,-0.5,DROPPING
2025-12-01,-0.907547202713272,Large,-1.7590166459416747,Crushed,OS,-1.0,-100.0,OS,4.0,True,612.8404314452031,618.642953131189,611.7318743402105,616.3758544921875,0.5768912861455908,0.9468242283398872,-0.1808883761762156,0.6719616853506455,True,True,True,True,Large,-0.5,DROPPING
2026-02-05,-0.9145650891198928,Large,-1.8404060993260016,Crushed,BEAR,-1.0,-31.017646574031428,BEAR,2.0,True,600.2100219726562,604.8099975585938,594.760009765625,597.030029296875,-0.5298133252307008,0.7663943315740004,-0.9080175284509888,0.2258728645260811,True,True,True,True,Large,-0.5,DROPPING
2023-08-18,-0.9258577514244384,Large,-1.0858121130675875,Crushed,OS,1.0,-57.77012211590687,BEAR,1.0,True,349.9878430661179,354.0762497897633,349.4459871947459,352.81524658203125,0.8078576361805905,1.16815678162658,-0.1548213408285768,0.7276605415232766,True,True,True,True,Large,-1.0,RISING
2025-03-21,-1.0808361991427249,Large,-1.6051715916606737,Crushed,OS,1.0,-11.4247993214588,NEUT,1.0,True,471.6877671830669,479.1797694014654,470.52368803573967,478.4136657714844,1.4259217763023042,1.5883393082549004,-0.2467901922238004,0.9114953293976098,True,True,True,True,Large,-1.0,RISING
2025-12-01,-0.907547202713272,Large,-1.7590166459416747,Crushed,OS,-1.0,-100.0,OS,4.0,True,612.8404314452031,618.642953131189,611.7318743402105,616.3758544921875,0.5768912861455908,0.9468242283398872,-0.1808883761762156,0.6719616853506455,True,True,True,True,Large,-1.0,RISING
2026-02-05,-0.9145650891198928,Large,-1.8404060993260016,Crushed,BEAR,-1.0,-31.017646574031428,BEAR,2.0,True,600.2100219726562,604.8099975585938,594.760009765625,597.030029296875,-0.5298133252307008,0.7663943315740004,-0.9080175284509888,0.2258728645260811,True,True,True,True,Large,-1.0,RISING
2024-04-02,-1.0945036663696552,Large,-1.5869774823158949,Crushed,BEAR,-1.0,-100.0,OS,,False,435.8482222344713,437.1852468167658,433.8179469153706,436.8683166503906,0.234048084603766,0.3067638031055818,-0.4658216359566678,0.905880029799582,True,True,True,True,Large,-1.0,DROPPING
2024-07-24,-1.414842789423633,Large,-1.1465281444939792,Crushed,NEUT,-1.0,-100.0,OS,,False,470.00964098720937,470.3766606771933,458.79059618135454,459.6535949707031,-2.2033688489356043,0.0780876939487944,-2.386981846221349,0.0744859300290047,True,True,True,True,Large,-1.0,DROPPING
2025-03-21,-1.0808361991427249,Large,-1.6051715916606737,Crushed,OS,1.0,-11.4247993214588,NEUT,1.0,True,471.6877671830669,479.1797694014654,470.52368803573967,478.4136657714844,1.4259217763023042,1.5883393082549004,-0.2467901922238004,0.9114953293976098,True,True,True,True,Large,-1.0,DROPPING
2025-12-01,-0.907547202713272,Large,-1.7590166459416747,Crushed,OS,-1.0,-100.0,OS,4.0,True,612.8404314452031,618.642953131189,611.7318743402105,616.3758544921875,0.5768912861455908,0.9468242283398872,-0.1808883761762156,0.6719616853506455,True,True,True,True,Large,-1.0,DROPPING
2026-02-05,-0.9145650891198928,Large,-1.8404060993260016,Crushed,BEAR,-1.0,-31.017646574031428,BEAR,2.0,True,600.2100219726562,604.8099975585938,594.760009765625,597.030029296875,-0.5298133252307008,0.7663943315740004,-0.9080175284509888,0.2258728645260811,True,True,True,True,Large,-1.0,DROPPING
2025-03-21,-1.0808361991427249,Large,-1.6051715916606737,Crushed,OS,1.0,-11.4247993214588,NEUT,1.0,True,471.6877671830669,479.1797694014654,470.52368803573967,478.4136657714844,1.4259217763023042,1.5883393082549004,-0.2467901922238004,0.9114953293976098,True,True,True,True,Large,-1.5,RISING
2025-12-01,-0.907547202713272,Large,-1.7590166459416747,Crushed,OS,-1.0,-100.0,OS,4.0,True,612.8404314452031,618.642953131189,611.7318743402105,616.3758544921875,0.5768912861455908,0.9468242283398872,-0.1808883761762156,0.6719616853506455,True,True,True,True,Large,-1.5,RISING
2026-02-05,-0.9145650891198928,Large,-1.8404060993260016,Crushed,BEAR,-1.0,-31.017646574031428,BEAR,2.0,True,600.2100219726562,604.8099975585938,594.760009765625,597.030029296875,-0.5298133252307008,0.7663943315740004,-0.9080175284509888,0.2258728645260811,True,True,True,True,Large,-1.5,RISING
2024-04-02,-1.0945036663696552,Large,-1.5869774823158949,Crushed,BEAR,-1.0,-100.0,OS,,False,435.8482222344713,437.1852468167658,433.8179469153706,436.8683166503906,0.234048084603766,0.3067638031055818,-0.4658216359566678,0.905880029799582,True,True,True,True,Large,-1.5,DROPPING
2025-03-21,-1.0808361991427249,Large,-1.6051715916606737,Crushed,OS,1.0,-11.4247993214588,NEUT,1.0,True,471.6877671830669,479.1797694014654,470.52368803573967,478.4136657714844,1.4259217763023042,1.5883393082549004,-0.2467901922238004,0.9114953293976098,True,True,True,True,Large,-1.5,DROPPING
2025-12-01,-0.907547202713272,Large,-1.7590166459416747,Crushed,OS,-1.0,-100.0,OS,4.0,True,612.8404314452031,618.642953131189,611.7318743402105,616.3758544921875,0.5768912861455908,0.9468242283398872,-0.1808883761762156,0.6719616853506455,True,True,True,True,Large,-1.5,DROPPING
2026-02-05,-0.9145650891198928,Large,-1.8404060993260016,Crushed,BEAR,-1.0,-31.017646574031428,BEAR,2.0,True,600.2100219726562,604.8099975585938,594.760009765625,597.030029296875,-0.5298133252307008,0.7663943315740004,-0.9080175284509888,0.2258728645260811,True,True,True,True,Large,-1.5,DROPPING
2024-04-25,-1.7045302431843083,Crash,-0.5242170456302838,Weak,OS,1.0,-93.66778565917228,OS,1.0,True,415.2086075113914,421.2301595778061,414.1192092145392,420.3685302734375,1.2427302008435708,1.4502474075635574,-0.2623737266386804,0.8788306400197199,True,True,True,True,Crash,-0.5,RISING
2024-08-02,-1.9079291567477783,Crash,-2.5072444557469624,Crushed,BEAR,-1.0,-26.45580844295129,NEUT,2.0,True,447.2640403973027,449.9224810667855,440.8956555322436,445.1412353515625,-0.4746201022229606,0.5943783602905579,-1.423853538371228,0.4703292207291286,True,True,True,True,Crash,-0.5,RISING
2025-02-03,-1.688725201196823,Crash,-0.7182727714932925,Weak,BEAR,1.0,-62.44591793987565,BEAR,1.0,True,510.8789438178903,518.2217083708772,508.47117241208633,515.4955444335938,0.9036584246754796,1.437280718229082,-0.4712997932172019,0.720408811494552,True,True,True,True,Crash,-0.5,RISING
2025-09-02,-1.5936161662709274,Crash,-1.699499266936629,Crushed,NEUT,-1.0,-83.2636996494132,OS,3.0,True,559.9386305753824,564.5872186860805,558.1729354751159,564.2380981445312,0.7678462128485084,0.8301959995011133,-0.3153372537365573,0.9455713865342774,True,True,True,True,Crash,-0.5,RISING
2025-03-10,-1.6958482878225816,Crash,-1.4244604024387386,Crushed,OS,,,,,False,481.0105123404904,481.527877477655,466.2951345184157,470.3446044921875,-2.2173959975229938,0.1075579688783198,-3.0592632477974178,0.2658398414919506,True,True,True,True,Crash,-0.5,NEUTRAL
2024-07-17,-1.6238886068349032,Crash,-1.197705286558529,Crushed,BULL,-1.0,-77.74627957071584,OS,,False,484.3533794143371,484.8691868130836,477.826307363986,477.8957214355469,-1.3332534164618803,0.1064940228909341,-1.3475847031857988,0.0098559221498177,True,True,True,True,Crash,-0.5,DROPPING
2024-08-02,-1.9079291567477783,Crash,-2.5072444557469624,Crushed,BEAR,-1.0,-26.45580844295129,NEUT,2.0,True,447.2640403973027,449.9224810667855,440.8956555322436,445.1412353515625,-0.4746201022229606,0.5943783602905579,-1.423853538371228,0.4703292207291286,True,True,True,True,Crash,-0.5,DROPPING
2025-02-03,-1.688725201196823,Crash,-0.7182727714932925,Weak,BEAR,1.0,-62.44591793987565,BEAR,1.0,True,510.8789438178903,518.2217083708772,508.47117241208633,515.4955444335938,0.9036584246754796,1.437280718229082,-0.4712997932172019,0.720408811494552,True,True,True,True,Crash,-0.5,DROPPING
2025-03-06,-1.657335505896819,Crash,-0.9938707520638044,Weak,OS,-1.0,-44.85689779365758,BEAR,,False,491.1988602040493,496.0641696484696,483.7466641946697,485.736572265625,-1.1120318838189522,0.9904968921139574,-1.5171444018180154,0.1615512230474751,True,True,True,True,Crash,-0.5,DROPPING
2025-09-02,-1.5936161662709274,Crash,-1.699499266936629,Crushed,NEUT,-1.0,-83.2636996494132,OS,3.0,True,559.9386305753824,564.5872186860805,558.1729354751159,564.2380981445312,0.7678462128485084,0.8301959995011133,-0.3153372537365573,0.9455713865342774,True,True,True,True,Crash,-0.5,DROPPING
2024-08-02,-1.9079291567477783,Crash,-2.5072444557469624,Crushed,BEAR,-1.0,-26.45580844295129,NEUT,2.0,True,447.2640403973027,449.9224810667855,440.8956555322436,445.1412353515625,-0.4746201022229606,0.5943783602905579,-1.423853538371228,0.4703292207291286,True,True,True,True,Crash,-1.0,RISING
2025-09-02,-1.5936161662709274,Crash,-1.699499266936629,Crushed,NEUT,-1.0,-83.2636996494132,OS,3.0,True,559.9386305753824,564.5872186860805,558.1729354751159,564.2380981445312,0.7678462128485084,0.8301959995011133,-0.3153372537365573,0.9455713865342774,True,True,True,True,Crash,-1.0,RISING
2025-03-10,-1.6958482878225816,Crash,-1.4244604024387386,Crushed,OS,,,,,False,481.0105123404904,481.527877477655,466.2951345184157,470.3446044921875,-2.2173959975229938,0.1075579688783198,-3.0592632477974178,0.2658398414919506,True,True,True,True,Crash,-1.0,NEUTRAL
2024-07-17,-1.6238886068349032,Crash,-1.197705286558529,Crushed,BULL,-1.0,-77.74627957071584,OS,,False,484.3533794143371,484.8691868130836,477.826307363986,477.8957214355469,-1.3332534164618803,0.1064940228909341,-1.3475847031857988,0.0098559221498177,True,True,True,True,Crash,-1.0,DROPPING
2024-08-02,-1.9079291567477783,Crash,-2.5072444557469624,Crushed,BEAR,-1.0,-26.45580844295129,NEUT,2.0,True,447.2640403973027,449.9224810667855,440.8956555322436,445.1412353515625,-0.4746201022229606,0.5943783602905579,-1.423853538371228,0.4703292207291286,True,True,True,True,Crash,-1.0,DROPPING
2025-09-02,-1.5936161662709274,Crash,-1.699499266936629,Crushed,NEUT,-1.0,-83.2636996494132,OS,3.0,True,559.9386305753824,564.5872186860805,558.1729354751159,564.2380981445312,0.7678462128485084,0.8301959995011133,-0.3153372537365573,0.9455713865342774,True,True,True,True,Crash,-1.0,DROPPING
2024-08-02,-1.9079291567477783,Crash,-2.5072444557469624,Crushed,BEAR,-1.0,-26.45580844295129,NEUT,2.0,True,447.2640403973027,449.9224810667855,440.8956555322436,445.1412353515625,-0.4746201022229606,0.5943783602905579,-1.423853538371228,0.4703292207291286,True,True,True,True,Crash,-1.5,RISING
2025-09-02,-1.5936161662709274,Crash,-1.699499266936629,Crushed,NEUT,-1.0,-83.2636996494132,OS,3.0,True,559.9386305753824,564.5872186860805,558.1729354751159,564.2380981445312,0.7678462128485084,0.8301959995011133,-0.3153372537365573,0.9455713865342774,True,True,True,True,Crash,-1.5,RISING
2024-08-02,-1.9079291567477783,Crash,-2.5072444557469624,Crushed,BEAR,-1.0,-26.45580844295129,NEUT,2.0,True,447.2640403973027,449.9224810667855,440.8956555322436,445.1412353515625,-0.4746201022229606,0.5943783602905579,-1.423853538371228,0.4703292207291286,True,True,True,True,Crash,-1.5,DROPPING
2025-09-02,-1.5936161662709274,Crash,-1.699499266936629,Crushed,NEUT,-1.0,-83.2636996494132,OS,3.0,True,559.9386305753824,564.5872186860805,558.1729354751159,564.2380981445312,0.7678462128485084,0.8301959995011133,-0.3153372537365573,0.9455713865342774,True,True,True,True,Crash,-1.5,DROPPING
2024-08-02,-1.9079291567477783,Crash,-2.5072444557469624,Crushed,BEAR,-1.0,-26.45580844295129,NEUT,2.0,True,447.2640403973027,449.9224810667855,440.8956555322436,445.1412353515625,-0.4746201022229606,0.5943783602905579,-1.423853538371228,0.4703292207291286,True,True,True,True,Crash,-2.0,RISING
2024-08-02,-1.9079291567477783,Crash,-2.5072444557469624,Crushed,BEAR,-1.0,-26.45580844295129,NEUT,2.0,True,447.2640403973027,449.9224810667855,440.8956555322436,445.1412353515625,-0.4746201022229606,0.5943783602905579,-1.423853538371228,0.4703292207291286,True,True,True,True,Crash,-2.0,DROPPING
