ticker,signal_date,group,margin_combo,stacking_tier,n_margins_3yr,gross_margin,operating_margin,ebitda_margin,days_to_ath,ret_1wk,ret_2wk,ret_3wk,ret_4wk,ret_6wk,ret_8wk,ret_12wk
BA,2011-10-26,CONTROL_B,OPERATING_ONLY,,1,,,,,-4.645764156210519,5.386265463841777,1.0960594751843855,4.757427051805707,-5.368634480326751,-7.848726161441033,-1.6778819311803916
QCOM,2013-01-30,CONTROL_B,OPERATING_ONLY,,1,,,,,18.094622265330294,14.581312641448418,20.86970578726155,24.905701045371266,18.277831662894695,22.642526134281702,38.30692962603728
BA,2015-10-21,CONTROL_B,OPERATING_ONLY,,1,,,,,-4.645764156210519,5.386265463841777,1.0960594751843855,4.757427051805707,-5.368634480326751,-7.848726161441033,-1.6778819311803916
CAT,2017-11-01,CONTROL_B,GROSS_ONLY,,1,,,,,-5.756578947368429,1.5374713958810071,-0.7437070938214996,1.2943363844393652,6.128432494279168,5.227402745995424,20.845251716247137
BA,2018-02-12,CONTROL_B,OPERATING_ONLY,,1,,,,,-4.645764156210519,5.386265463841777,1.0960594751843855,4.757427051805707,-5.368634480326751,-7.848726161441033,-1.6778819311803916
BA,2018-04-25,CONTROL_B,OPERATING_ONLY,,1,,,,,-4.645764156210519,5.386265463841777,1.0960594751843855,4.757427051805707,-5.368634480326751,-7.848726161441033,-1.6778819311803916
CAT,2018-05-02,CONTROL_B,GROSS+OPERATING,,2,,,,,-5.756578947368429,1.5374713958810071,-0.7437070938214996,1.2943363844393652,6.128432494279168,5.227402745995424,20.845251716247137
BA,2019-02-08,CONTROL_B,OPERATING_ONLY,,1,,,,,-4.645764156210519,5.386265463841777,1.0960594751843855,4.757427051805707,-5.368634480326751,-7.848726161441033,-1.6778819311803916
NFLX,2020-07-20,CONTROL_B,OPERATING_ONLY,,1,,,,,0.4576520634664627,-2.5684966028910683,-2.707606701477794,-1.5160984657567322,2.0584262414064414,-0.977802866877675,5.945444648293385
MARA,2020-07-28,CONTROL_A,NONE,,0,,,,,93.54838709677418,124.04692082111436,100.0,43.695014662756606,17.30205278592374,-3.5190615835777206,66.56891495601171
JNJ,2020-07-28,CONTROL_C,NONE,,0,,,,,0.2724981265753934,0.10899925063014848,2.2344846379181105,3.6174126302881637,1.982423870835892,-1.6111451733769155,-1.9245180189386146
HON,2020-07-28,GROSS_ONLY,GROSS_ONLY,SINGLE,1,0.34609476544960416,,,2.0,-3.1018716489589204,5.470214795565931,3.5097529686523465,8.249728627347785,9.049044439327659,4.443932765369563,13.719943422913738
UNH,2020-07-28,OPERATING_ONLY,OPERATING_ONLY,SINGLE,1,,0.0955973921324445,,2.0,1.4202840568113606,5.19103820764153,5.5627792225111605,4.127492165099689,4.047476161899044,-2.59718610388745,7.621524304860983
BA,2020-07-28,OPERATING_ONLY,OPERATING_ONLY,SINGLE,1,0.1913452658428251,0.11148247504287788,,2.0,-3.4638113627055156,5.470715581300101,-0.3978702240945542,2.232168977824589,-5.903692001638294,-11.570417178632031,-4.0898718623837205
AEO,2020-07-29,CONTROL_A,NONE,,0,,,,,2.9121653358384236,14.842649131047448,7.609206200093954,7.045561296383274,23.86096759041805,32.080789102865204,35.93236261155472
MSFT,2020-07-29,OPERATING_ONLY,OPERATING_ONLY,SINGLE,1,0.6851913477537438,0.38378460142187265,,3.0,4.3250391849529946,2.495591692789967,2.777233542319757,8.32190438871474,0.435932601880884,-0.5240987460815028,5.182210031347978
AMD,2020-07-29,GROSS_ONLY,GROSS_ONLY,SINGLE,1,0.458006718924972,0.09910414333706608,,3.0,12.109862671660432,8.666798081345695,6.5838754188843,13.036336158748929,3.8307378934226977,-0.4402391747158063,4.376108811354218
CDE,2020-07-29,GROSS_ONLY,GROSS_ONLY,SINGLE,1,0.23570979390466065,,,1.0,5.857988165680483,-8.875739644970404,-2.0118343195266286,-1.3609467455621083,-5.443786982248511,-14.852071005917145,-7.633136094674553
QCOM,2020-07-29,OPERATING_ONLY,OPERATING_ONLY,SINGLE,1,,0.5518422418266736,,3.0,19.561949753059913,24.29675756925058,19.17543482928925,24.554434185097705,20.88254240927636,20.44234485720422,37.814043375563685
CAT,2020-07-29,GROSS_ONLY,GROSS_ONLY,SINGLE,1,0.2534885176146674,0.14536011513672487,,3.0,-3.9980081098385134,1.472575940812404,-1.8069289322045878,0.8963505726684362,6.523440278864645,3.1585686846411054,20.715657679447965
AMD,2020-07-30,CONTROL_A,NONE,,0,,,,,10.926305015353122,4.695496417604916,5.936540429887405,7.139201637666326,-2.3349539406345987,-0.1663254861821839,4.8618219037871
META,2020-07-31,CONTROL_A,NONE,,0,,,,,5.861022427180629,2.895037641401599,5.261913207993385,15.706909463560748,4.855937881833583,1.2455165346261454,9.424145678136453
MRK,2020-07-31,CONTROL_A,NONE,,0,,,,,0.7967135565791095,3.9773434582347944,5.7388273372339205,6.63513008838541,4.830075936760858,2.9254325905639256,-1.8424000995892031
VLO,2020-07-31,CONTROL_B,GROSS+OPERATING,,2,,,,,-6.315602206013171,-3.0688489592599177,-6.368973492261166,-2.2593844511652805,-15.47767301191959,-20.25440313111546,-29.69222558263653
CL,2020-07-31,GROSS_ONLY,GROSS_ONLY,SINGLE,1,0.6079035155247626,0.24275083397485245,,1.0,-1.2435233160621895,-0.2202072538860178,1.9430051813471572,2.823834196891184,-0.04533678756476478,-0.9391191709844704,1.8523316062176054
UNH,2020-08-03,CONTROL_B,OPERATING_ONLY,,1,,,,,5.132090388036126,5.5306673693919395,1.6371302457342418,3.0008564464062193,1.2649054614928712,0.2091705645958175,5.535608406350878
NFLX,2020-08-03,GROSS+OPERATING,GROSS+OPERATING,DOUBLE,2,0.4093469757793516,0.1868935662323722,,6.0,-3.012362527093204,-3.1508388857670377,-1.9647587701693725,6.389981536485512,-0.4375050172593653,-0.9452516657301069,-1.8824757164646377
LEN,2020-08-03,OPERATING_ONLY,OPERATING_ONLY,SINGLE,1,,0.1516394460073663,,6.0,1.168002173027305,4.7195436642673005,6.851826701072938,1.6161890533749723,3.096563900583993,7.266060029879129,-1.4464212956675215
CASY,2020-08-03,GROSS_ONLY,GROSS_ONLY,SINGLE,1,0.28963259074082554,,,6.0,4.168057030183525,7.174275747004399,8.973153344456254,7.908387683907181,7.022599726983181,7.477627787046881,9.373578037312313
ZS,2020-08-03,CONTROL_A,NONE,,0,,,,,-7.651097864634426,-6.013732739757039,2.3919112653738583,8.141552855957146,0.037727307024826295,6.021278201161984,12.216102014638185
LEN,2020-08-03,CONTROL_A,NONE,,0,,,,,1.168002173027305,4.7195436642673005,6.851826701072938,1.6161890533749723,3.096563900583993,7.266060029879129,-1.4464212956675215
RUN,2020-08-04,CONTROL_A,NONE,,0,,,,,-2.2991148407862982,6.5639728704448785,16.783538337739976,33.92343947580183,43.53373951028854,77.2157719278078,28.060696631796777
ENPH,2020-08-04,GROSS+OPERATING,GROSS+OPERATING,DOUBLE,2,0.3924931280254932,0.21752900824636942,,7.0,-2.376467178669761,8.81031734531228,10.042022895232572,13.98348065497752,5.499203014055931,19.692798145196335,49.09433415447035
KTOS,2020-08-05,CONTROL_A,NONE,,0,,,,,-0.38699690402476117,0.3611971104231282,-0.6449948400412797,2.8121775025799822,10.99071207430342,0.1547987616099089,0.0
MP,2020-08-05,CONTROL_C,NONE,,0,,,,,-0.4589069670421386,0.12515644555695093,-0.2920317062995448,19.691280767626207,21.151439299123908,17.22987067167294,-5.465164789319976
DELL,2020-08-06,CONTROL_A,NONE,,0,,,,,-2.262666010821446,-2.1642892277422554,2.7217576651910047,7.411050991965906,8.853910477127403,10.059026069847521,-1.0821446138711277
AMD,2020-08-06,CONTROL_A,NONE,,0,,,,,-5.617070357554788,-4.498269896193774,-3.4140715109573283,-4.8096885813148855,-13.552479815455598,-5.605536332179928,-13.194925028835058
AEO,2020-08-10,CONTROL_A,NONE,,0,,,,,6.4056939501779375,-0.7117437722419906,12.411032028469737,17.304270462633454,24.421708185053383,32.11743772241993,32.29537366548041
XOM,2020-08-10,CONTROL_A,NONE,,0,,,,,-4.246236800718939,-5.133677825207816,-10.09885419006964,-14.27769040665019,-20.164008088070094,-25.039317007414052,-24.882048977757798
CCL,2020-08-11,CONTROL_A,NONE,,0,,,,,-8.72865275142315,0.5376344086021501,4.395951929158759,11.85958254269448,-10.626185958254265,1.1701454775458586,-15.65464895635673
LEN,2020-08-13,CONTROL_A,NONE,,0,,,,,3.0282728125418767,1.5945330296127436,1.0652552592791187,3.845638483183711,2.713386037786414,12.689267050783858,1.3131448479164032
EBAY,2020-08-17,GROSS_ONLY,GROSS_ONLY,SINGLE,1,0.7912739965095986,0.28656195462478184,,14.0,2.520495377638232,-4.395604395604391,-10.099424385138667,-9.654631083202503,-8.119658119658125,0.383743240886103,-18.847025989883136
LEN,2020-08-18,CONTROL_A,NONE,,0,,,,,1.1023213590973802,1.335754117494492,-1.7377772014006032,2.191674231617169,5.887692906237851,8.085851381143815,-1.1412268188302321
PG,2020-08-20,CONTROL_A,NONE,,0,,,,,0.9859772129710898,0.9786736780601935,0.84721004966406,0.33596260590125215,0.8545135845749563,5.470347648261775,5.382705229330997
PG,2020-08-24,CONTROL_A,NONE,,0,,,,,-0.18045329868630056,-1.8983687021798756,0.11549011115923324,-0.38977912516240387,0.8950483614840632,2.90890717482315,2.356720080843089
AAPL,2020-08-26,CONTROL_A,NONE,,0,,,,,-73.99964431797972,-77.57918864979153,-78.18286007864525,-78.63734266010631,-77.28278696622996,-77.11779002904736,-76.53289070681922
SCHW,2020-08-28,CONTROL_A,NONE,,0,,,,,-0.15170321334988524,-1.2549993104399526,-2.70307543787065,-0.24824162184526877,6.09571093642256,7.971314301475663,33.305750930906065
CRWD,2020-08-28,CONTROL_A,NONE,,0,,,,,5.477374231060916,8.334035560798858,16.49953652987275,15.808544703800465,22.882784191455286,12.15977079295525,24.395382152186727
SHOP,2020-09-01,CONTROL_A,NONE,,0,,,,,-16.346730653869223,-21.85945163908395,-19.006933907336176,-9.813331451356778,-4.469988355270105,-9.552207205617702,-10.077102226613487
COST,2020-09-01,CONTROL_A,NONE,,0,,,,,-1.4938963662749383,-2.210966622086896,-1.9235694163844852,1.0272315966195267,7.691432148649802,3.8613664172096884,10.323535270181816
GME,2020-09-02,CONTROL_A,NONE,,0,,,,,-19.273199221284887,19.402985074626855,18.040233614536017,26.606099935107075,79.36404931862427,52.36859182349125,108.56586632057108
AEO,2020-09-02,CONTROL_A,NONE,,0,,,,,1.2672811059907918,14.285714285714302,7.9877112135176676,14.554531490015354,18.04915514592933,5.376344086021523,41.97388632872503
GM,2020-09-02,CONTROL_A,NONE,,0,,,,,-2.5665859564164673,3.0992736077481764,-5.988700564971749,-1.8886198547215516,5.213882163034711,12.719935431799833,45.439870863599666
COST,2020-09-09,CONTROL_C,NONE,,0,,,,,-0.7279449997111276,-0.43618926569992666,2.559362181524061,4.858744006008431,9.07475879600208,8.547576405338253,8.059391068230394
HIMS,2020-09-10,CONTROL_A,NONE,,0,,,,,2.1431828545371623,-2.9639762881896847,-0.8207934336525335,-6.064751481988139,-6.703146374828995,-7.478340173278619,7.4327405380756995
OPEN,2020-09-11,CONTROL_A,NONE,,0,,,,,15.363457760314336,30.844793713163064,44.675834970530445,67.15127701375245,51.119842829076624,59.764243614931225,97.09233791748527
GE,2020-09-14,CONTROL_C,NONE,,0,,,,,3.3333333333333437,0.7317073170731714,4.227642276422761,11.21951219512194,20.08130081300812,41.70731707317073,78.29268292682924
MP,2020-09-15,CONTROL_A,NONE,,0,,,,,-8.819714656290522,-8.690012970168615,-11.738002594033725,-11.640726329442286,-21.141374837872895,-19.714656290531774,69.64980544747081
TGT,2020-09-25,OPERATING_ONLY,OPERATING_ONLY,SINGLE,1,,0.10010881392818281,,20.0,2.945937196503734,5.9987050825510035,6.688248624150228,3.719650372288763,4.564584007769512,11.57008740692782,11.168662997733891
SNAP,2020-09-30,CONTROL_A,NONE,,0,,,,,2.200956937799048,4.631578947368431,39.61722488038277,64.17224880382774,46.8133971291866,74.43062200956938,91.8468899521531
LEN,2020-10-01,CONTROL_B,OPERATING_ONLY,,1,,,,,1.3140446051838506,2.025316455696191,-7.7637130801687775,-13.670886075949372,-10.801687763713087,-6.522001205545502,-5.569620253164564
DKNG,2020-10-01,CONTROL_A,NONE,,0,,,,,-17.39868963843727,-27.169780797541044,-30.405241446250898,-39.513063172369165,-33.268624120359135,-14.745611906495181,-20.787834667960848
AEO,2020-10-05,CONTROL_A,NONE,,0,,,,,-2.784072515377145,-7.801877630301068,-8.67594690838459,-6.604078989964391,3.981871155713823,15.89511168662996,30.33344124312074
GME,2020-10-08,CONTROL_A,NONE,,0,,,,,2.4082993701370903,10.4483141904409,-13.004816598740266,-15.116709892552793,-7.59540570581696,25.30566876620972,28.49203408669878
CLF,2020-10-08,CONTROL_A,NONE,,0,,,,,-2.9182879377431914,7.328145265888453,7.71725032425421,6.939040207522695,15.239948119325541,62.905317769130995,103.30739299610894
ETSY,2020-10-12,CONTROL_A,NONE,,0,,,,,0.624067290733965,-5.182471849138503,-14.268755935422595,-17.840184506851166,-4.897571564238234,11.202686202686207,15.79500746167415
QCOM,2020-10-14,CONTROL_A,NONE,,0,,,,,-1.0083904241397934,-6.535293664844888,-0.7004849511200062,13.763374643984294,10.907551381725833,19.829112462474008,20.036948656762377
CAT,2020-10-14,CONTROL_A,NONE,,0,,,,,2.3598459375191227,-7.574738644005619,-5.0803937152289596,3.6009048113957443,6.706608791343149,9.335452711377389,18.677019013266506
PG,2020-10-20,CONTROL_B,OPERATING_ONLY,,1,,,,,-0.13326786841550975,-0.9258609805709472,-1.6553272076874403,-0.5365785228308773,-2.924879006803671,-3.724486217296763,-5.407869818334843
FUBO,2020-10-23,CONTROL_A,NONE,,0,,,,,0.0,10.444444444444457,13.629629629629637,74.62962962962962,104.29629629629629,266.2962962962963,161.99999999999997
MSFT,2020-10-27,CONTROL_B,GROSS+OPERATING,,2,,,,,-3.1881475924797176,-1.0783440386328391,0.5626142810258417,0.2719302358291653,-0.8251676121712181,3.638239017300404,7.548408270429929
CL,2020-11-03,GROSS_ONLY,GROSS_ONLY,SINGLE,1,0.6116060679027209,0.24512400674211413,,3.0,0.16224986479178582,2.5779700739138267,1.802776275464213,3.0466919055345265,2.1933778018147887,2.830358752478812,-5.6066342166936955
ENPH,2020-11-05,GROSS+OPERATING,GROSS+OPERATING,DOUBLE,2,0.5320974997619088,0.28996151325187813,,8.0,-2.5777482122068873,7.334109429569269,16.8800931315483,8.282055546316315,36.920006652253434,50.88973889905206,63.20472309995011
CASY,2020-11-09,CONTROL_C,NONE,,0,,,,,-0.01048767697954256,-4.965915049816461,-2.535395909805971,-4.850550603041426,-6.890403775563703,-3.104352385946507,1.8300996329313035
ANF,2020-11-23,CONTROL_A,NONE,,0,,,,,-11.142857142857142,-3.9340659340659334,-9.62637362637363,-16.219780219780223,-6.6813186813186825,7.03296703296703,19.12087912087912
SCHW,2020-11-24,CONTROL_A,NONE,,0,,,,,2.2005627009646256,1.6077170418006492,3.808279742765275,5.204983922829598,18.559083601286176,14.7307073954984,25.944533762057876
MP,2020-11-24,CONTROL_A,NONE,,0,,,,,-4.516423357664245,19.34306569343065,28.786496350364963,64.6897810218978,34.397810218978094,48.54014598540146,73.40328467153283
COST,2020-11-25,CONTROL_A,NONE,,0,,,,,-3.515514172964329,-3.826313481726029,-4.503365917825175,-5.927110469165086,-6.123133269711889,-5.831678316267297,-12.052822986252599
FUBO,2020-11-27,CONTROL_A,NONE,,0,,,,,0.01851851851850661,2.185185185185179,45.3888888888889,44.14814814814816,35.11111111111109,73.14814814814814,29.388888888888886
MRVL,2020-12-01,CONTROL_A,NONE,,0,,,,,-6.365877183581603,-3.290108241346057,1.018111670774835,1.8433179723502224,9.902475618904717,10.256135462437022,6.172971814382167
RIOT,2020-12-01,CONTROL_A,NONE,,0,,,,,12.03861442362295,15.502555366269167,66.26916524701876,95.9114139693356,227.3140261215219,133.04940374787054,508.46110164679163
KTOS,2020-12-02,CONTROL_A,NONE,,0,,,,,9.405255878284912,8.390963577685561,21.115721530659282,26.556016597510368,36.16874135546333,24.435223605348067,24.66574458275701
AEO,2020-12-03,GROSS_ONLY,GROSS_ONLY,SINGLE,1,0.40206491362589025,0.09262255274971234,,1.0,5.08205399682371,3.970354685018518,4.817363684489151,5.346744309158269,21.254632080465854,22.52514557967178,34.647961884595006
QCOM,2020-12-04,CONTROL_A,NONE,,0,,,,,-8.504361617763678,-6.4551942902458475,-6.252180808881835,-3.2735923869944505,4.431403647898491,2.965900079302153,-18.99127676447264
GE,2020-12-09,CONTROL_A,NONE,,0,,,,,-4.210526315789476,-4.780701754385963,-5.307017543859649,-0.5701754385964874,-3.508771929824561,1.8421052631578894,22.850877192982466
SOFI,2020-12-14,CONTROL_A,NONE,,0,,,,,2.8959276018099445,11.131221719456995,9.592760180995462,71.94570135746605,83.34841628959275,108.4162895927602,72.0814479638009
PANW,2020-12-14,CONTROL_A,NONE,,0,,,,,13.184768085512522,13.32315327352549,10.0559903289432,16.44874976140487,12.330597442259993,24.327161672074826,8.913914869249862
CDE,2020-12-15,GROSS_ONLY,GROSS_ONLY,SINGLE,1,0.36887101267586014,,,34.0,4.214559386973171,14.176245210727977,20.63492063492063,-1.9704433497536922,-1.039956212370008,-0.3284072249589376,9.085933223864263
CLSK,2020-12-15,CONTROL_A,NONE,,0,,,,,50.64402810304451,69.78922716627636,135.88992974238877,108.6651053864169,54.39110070257613,65.39812646370025,72.01405152224825
SOFI,2020-12-15,CONTROL_A,NONE,,0,,,,,4.88245931283906,12.070524412296546,73.50813743218806,72.92043399638335,125.85895117540686,114.28571428571428,75.2260397830018
HIMS,2020-12-22,CONTROL_A,NONE,,0,,,,,9.814126394052035,18.289962825278817,29.665427509293707,12.60223048327138,78.364312267658,31.226765799256494,-0.07434944237918462
RIOT,2020-12-28,CONTROL_A,NONE,,0,,,,,17.571884984025555,54.792332268370615,42.30031948881789,14.72843450479231,133.22683706070285,191.629392971246,207.53993610223645
JNJ,2020-12-30,CONTROL_A,NONE,,0,,,,,2.8119395336920316,2.8503715090955506,4.7591596208045095,4.406866512938756,6.687163720215228,2.0689213425570063,6.392518575454775
CAT,2021-01-05,CONTROL_A,NONE,,0,,,,,7.6738739720058735,4.7927672784706665,-1.5630956919557737,4.2535809596427,8.741353956756148,15.821578345406007,26.741462883285227
SCHW,2021-01-06,CONTROL_A,NONE,,0,,,,,3.693379790940776,2.256097560975623,-6.341463414634152,-3.832752613240409,7.804878048780495,13.29268292682928,18.606271777003492
NKE,2021-01-07,CONTROL_A,NONE,,0,,,,,-2.569231299789654,-3.8831603269303905,-7.81805014311826,0.08621581542918033,-5.735076042349229,-7.204193537262493,-5.4246991068041535
DVN,2021-01-07,CONTROL_A,NONE,,0,,,,,9.066451439332779,-4.143126177024481,-11.487758945386073,-3.820285176217386,14.28571428571428,32.1495829970406,22.57196663976324
TGT,2021-01-08,CONTROL_A,NONE,,0,,,,,0.6196106779573496,-1.8588320338720488,-5.16342231631125,0.1652295141219673,-3.795115402488769,-7.445654980120819,5.499044766871486
LYFT,2021-01-12,CONTROL_A,NONE,,0,,,,,-3.623473808586064,-14.25758172508862,-2.6585269791256416,10.614415124064603,10.25994486018118,23.473808586057498,20.027569909413167
XOM,2021-01-12,CONTROL_A,NONE,,0,,,,,3.498694516971268,-5.274151436031326,-0.8877284595300239,6.903394255874673,16.459530026109668,28.104438642297637,16.678851174934728
ASTS,2021-01-14,CONTROL_C,NONE,,0,,,,,11.402902557014505,-6.91085003455425,11.195577055977889,39.39184519695924,4.699378023496892,-5.701451278507264,-39.35729094678645
DASH,2021-01-14,CONTROL_A,NONE,,0,,,,,-7.499035493827167,-6.428433641975317,-12.644675925925942,-2.14120370370372,-18.764467592592602,-32.310956790123456,-27.9369212962963
LEN,2021-01-25,GROSS_ONLY,GROSS_ONLY,SINGLE,1,0.23062809391888822,,,2.0,-2.826814353294105,9.726548978885429,1.869158878504673,-1.2172608745817493,2.209530402676818,9.876543209876543,16.30321910695742
AAL,2021-01-28,CONTROL_A,NONE,,0,,,,,-3.7047276748686797,-6.054741498479421,3.290019353055018,15.731269007464732,29.16781863422726,26.84545203207078,21.868952170306866
AAPL,2021-01-28,CONTROL_B,GROSS_ONLY,,1,,,,,0.4900526623756507,-1.0825043885313024,-5.050468110005857,-11.278525453481569,-11.541837331772964,-11.366296079578698,-1.477472205968411
AMD,2021-01-29,CONTROL_B,OPERATING_ONLY,,1,,,,,2.6578655295286024,9.5741573690052,-0.23949997079268925,0.9404754950639749,-3.580816636485773,-10.000584146270231,-0.3913780010514567
NRG,2021-02-02,CONTROL_A,NONE,,0,,,,,-0.2571896188917622,-7.002571896188925,-10.194061257891063,-9.504325461772279,-15.337853635725985,-11.737198971241536,-16.249707739069443
ENPH,2021-02-16,CONTROL_B,OPERATING_ONLY,,1,,,,,-11.533888228299649,-11.259887297730442,-23.150493718657916,-13.932688827999806,-22.17856588946906,-21.516827793000047,-39.46130383084321
AA,2021-02-24,CONTROL_A,NONE,,0,,,,,13.40319911748482,17.65030336458908,16.896488325059742,5.883434454863035,15.627872770729923,27.707299135870556,32.671446957161244
DHI,2021-02-24,CONTROL_C,NONE,,0,,,,,-4.99562882477832,2.5290370925440397,8.667416010990392,4.458598726114649,14.27500936680406,22.717622080679423,13.063569376795314
XOM,2021-03-05,CONTROL_A,NONE,,0,,,,,1.6576399146561505,-7.20498933202035,-5.284752995240439,-7.270638437551291,-9.256523879862133,-2.946003610700809,0.0328245527654758
VRT,2021-03-05,CONTROL_C,NONE,,0,,,,,5.211970074812955,1.995012468827917,-2.793017456359115,4.663341645885288,8.403990024937658,12.618453865336644,24.86284289276808
CVX,2021-03-08,CONTROL_A,NONE,,0,,,,,0.4692910515764481,-6.579187169673773,-2.6562784763987546,-5.613267723710591,-6.374157098596678,-0.7244395844723917,-1.9682886823400692
SMCI,2021-03-11,CONTROL_A,NONE,,0,,,,,6.731843575419005,3.575418994413404,10.33519553072626,10.726256983240233,6.941340782122896,1.731843575419001,3.4357541899441513
IBKR,2021-03-12,CONTROL_A,NONE,,0,,,,,-0.5451318458417731,-7.555780933062872,-4.804766734279909,-6.237322515212984,-8.32276876267748,-13.957910750507086,-15.136916835699799
AVGO,2021-03-12,CONTROL_B,GROSS_ONLY,,1,,,,,5.22849730592696,7.042284751324868,8.30617086853367,7.275105878179122,4.638683784562847,-3.3038426572651325,2.77611476972881
CSCO,2021-03-15,GROSS_ONLY,GROSS_ONLY,SINGLE,1,0.6508361204013378,0.26948160535117055,,20.0,1.9635627530364408,6.376518218623484,5.303643724696361,4.615384615384621,3.987854251012135,6.943319838056672,9.33198380566802
DHI,2021-03-15,CONTROL_A,NONE,,0,,,,,0.9915183371162595,4.969537689642833,11.581650937761335,11.288973838251115,19.25695854736591,10.273563493011606,4.993429697766105
SMCI,2021-03-17,CONTROL_A,NONE,,0,,,,,-2.5339602925809834,2.16823406478579,3.1347962382445083,2.3772204806687514,-0.600835945663547,-9.717868338557988,-4.310344827586199
DHI,2021-03-17,CONTROL_A,NONE,,0,,,,,-3.8731180324100722,2.413515687851975,5.160326399264448,6.907252039995382,12.952534191472242,10.66544075393634,1.126307320997566
UPST,2021-03-18,CONTROL_A,NONE,,0,,,,,6.410477339307263,24.198690332586594,9.865586765466139,-9.900051697397904,-6.307082543511989,-10.977080820265384,7.384111666379445
SMCI,2021-04-01,CONTROL_A,NONE,,0,,,,,0.35443037974682845,-0.7848101265822804,-3.075949367088615,-6.354430379746834,-8.278481012658235,-12.012658227848094,-10.278481012658236
LEN,2021-04-01,CONTROL_B,OPERATING_ONLY,,1,,,,,1.9715859669469538,2.348506813569151,0.3382622982506911,2.4016623175799667,-5.170580844689276,-4.812989272252832,-4.146129312844293
MARA,2021-04-05,CONTROL_A,NONE,,0,,,,,-11.44322603466572,-37.14184648036788,-39.72408914043155,-35.974531305270595,-60.50583657587549,-55.51821719136895,-43.70357269189954
GOOGL,2021-04-07,CONTROL_A,NONE,,0,,,,,0.1533139046325127,1.7852353793066378,5.436609393717262,3.531583558312934,1.5136954461747676,4.964599238347267,9.465233948972852
TGT,2021-04-09,CONTROL_A,NONE,,0,,,,,1.439968865538055,-0.9729519361743488,2.7875072971395243,4.047480054485297,9.641953687487836,14.341311539209967,20.388207822533566
HON,2021-04-13,CONTROL_A,NONE,,0,,,,,0.7208387942333028,-2.595019659239839,-1.1664482306684265,-3.879423328964615,-2.09698558322412,-1.1424202708606446,-1.9615552643075573
AEO,2021-04-15,CONTROL_A,NONE,,0,,,,,10.343822843822824,0.6847319347319303,7.211538461538458,6.555944055944063,3.234265734265729,1.3111888111888126,6.002331002331007
NFLX,2021-04-22,CONTROL_B,OPERATING_ONLY,,1,,,,,-0.09323323028608277,-1.9971539329702193,-4.431031944648911,-1.5319691839638883,-2.963835320673247,-1.7537661318023479,4.321114873153742
GOOGL,2021-04-23,CONTROL_A,NONE,,0,,,,,2.35083890210126,2.232144798111313,-0.9391181854149888,-0.263040047303742,4.4805937313860955,5.916444568114332,9.799437398642619
DOCU,2021-04-23,CONTROL_C,NONE,,0,,,,,-0.9294258905145236,-13.12758482678882,-16.791924222884326,-13.807977942811412,7.173033308133592,20.158313692355566,33.997420731978465
GOOGL,2021-04-28,OPERATING_ONLY,OPERATING_ONLY,SINGLE,1,,0.2971580431717106,,1.0,-1.8067973224467626,-6.720166859555632,-3.7206374238512474,0.9599935562366824,3.267454331947084,3.8666819282114018,12.739150525463462
AMD,2021-04-28,CONTROL_B,GROSS+OPERATING,,2,,,,,-7.3639719014168215,-11.132277652101429,-9.26300750089296,-6.726991308489094,-2.8932015716156556,2.547922371710909,9.715442314561272
AAPL,2021-04-29,CONTROL_B,GROSS_ONLY,,1,,,,,-2.79838165879972,-6.387203116805273,-4.630253989660593,-6.0875103019405135,-4.581553907245073,-0.23600809170599701,11.605604255637969
TGT,2021-05-06,CONTROL_A,NONE,,0,,,,,-2.041678400450575,4.435370318220211,6.533370881441836,8.570355768328163,8.143246033981043,15.681028818173282,20.73594292687506
ANF,2021-05-07,CONTROL_A,NONE,,0,,,,,1.2751348700343224,-8.913683178028442,4.585581167238839,-1.5203531142717108,1.7900931829327948,10.323688082393323,-5.517410495340858
EOG,2021-05-07,CONTROL_A,NONE,,0,,,,,-0.6675888614903536,-3.7288747218379825,-3.374030191856625,4.70920791483731,2.2974679737775894,0.6856318036927878,-11.38509652974079
RIOT,2021-05-17,CONTROL_B,OPERATING_ONLY,,1,,,,,7.059065651368601,20.02469643959661,15.497015846882057,44.18604651162789,55.34060506277012,17.616793578925694,55.29944433010905
CASY,2021-05-17,CONTROL_A,NONE,,0,,,,,-2.5424103198445014,-3.9229545856158454,-5.0318077398833765,-9.90899452200036,-14.591800671496735,-14.370913588973321,-12.74076691995052
VRT,2021-05-19,CONTROL_A,NONE,,0,,,,,4.0068201193520725,7.182438192668372,10.443307757885755,12.723785166240397,17.092924126172203,13.107416879795398,15.707587382779199
CVS,2021-05-21,CONTROL_A,NONE,,0,,,,,-3.7523661062242586,-3.835875737668415,-5.778866495935864,-6.43580892996326,-9.609174924841323,-8.913261329473332,-3.7300968711724836
AEO,2021-06-02,CONTROL_B,GROSS+OPERATING,,2,,,,,-0.08902077151335952,3.1008902077151124,9.18397626112759,11.454005934718104,2.0029673590504338,2.06231454005934,-7.685459940652828
SLB,2021-06-03,CONTROL_A,NONE,,0,,,,,-4.218022459600112,-11.065461517392494,-8.915365653245678,-9.449465899753484,-23.664749383730477,-21.062722541769375,-20.35058887975897
WMT,2021-06-04,CONTROL_B,OPERATING_ONLY,,1,,,,,-0.7825167430384083,-4.737398660556924,-2.3405005287275293,-1.2372224180472347,-0.5357772294677376,0.2396898131829417,4.124074726824101
NVDA,2021-06-07,CONTROL_A,NONE,,0,,,,,2.1319753751879444,4.56466850123407,13.434423671593532,17.46574370904139,-73.60847116230246,-71.8765071349542,-68.25867400493631
VRT,2021-06-07,CONTROL_A,NONE,,0,,,,,1.2309495896834832,4.122704181320835,5.763970300898791,7.815552950371241,6.1156701836655,9.378663540445476,10.042985541227045
DELL,2021-06-08,OPERATING_ONLY,OPERATING_ONLY,SINGLE,1,0.3127373708498387,0.05615224404786213,,2.0,-1.0199172519965383,-3.973828538439339,-1.5779851823342628,-4.276917155777937,-7.437698450880403,-6.340806311940728,-6.8603867988068945
EBAY,2021-06-08,CONTROL_A,NONE,,0,,,,,0.15192950470983568,-1.3977514433302751,7.110300820419346,6.3962321482831985,6.092373138863572,3.319659677909459,15.709510786994851
LLY,2021-06-09,CONTROL_A,NONE,,0,,,,,-2.343991862367878,-4.002476670647037,1.5346512759276454,4.887001901729238,5.435407545000226,16.859050904427054,14.78483923753926
LLY,2021-06-10,CONTROL_A,NONE,,0,,,,,-4.817574511819112,-0.2612195957519714,-1.0320315176430284,0.6380609797875803,4.697670435080514,12.872559095580671,11.151079136690644
DOCU,2021-06-18,OPERATING_ONLY,OPERATING_ONLY,SINGLE,1,0.7756407249966957,-0.022889583395512048,,11.0,1.6544586567544872,1.6180168361211278,5.014394519150178,5.495426551510496,7.496082504281909,4.433147480048083,-2.365074159104996
NET,2021-06-22,CONTROL_A,NONE,,0,,,,,4.777209642074509,5.556367177988797,1.6362308254200153,6.6958850742634635,16.91258826393962,13.84465546627709,30.051132213294384
TGT,2021-06-23,CONTROL_A,NONE,,0,,,,,1.8494333740573632,4.693095167881367,6.498293802923705,8.255044866663841,10.115010321439089,3.368159413573757,3.955849517630705
COST,2021-06-25,OPERATING_ONLY,OPERATING_ONLY,SINGLE,1,,0.03672946529142832,,17.0,1.1233960541664478,3.4297814069077504,4.967794289192073,7.354059948267988,11.71831414515394,15.350966171324254,14.649794593498001
MRVL,2021-06-28,CONTROL_A,NONE,,0,,,,,-1.9360341151385851,-3.1641791044776046,-3.5138592750533104,-1.0746268656716462,1.8336886993603363,6.737739872068227,7.002132196162036
NET,2021-06-29,CONTROL_A,NONE,,0,,,,,0.7436326454731246,-2.9977691020635744,1.8311953894776023,11.340397843465322,10.633946830265838,14.612381483547132,26.045733407696602
AMZN,2021-07-06,OPERATING_ONLY,OPERATING_ONLY,SINGLE,1,,0.08169151661475516,,46.0,-0.0032635300516670185,-2.7729127005711174,-1.3111231982594562,-8.37965732934457,-11.809355452814795,-5.575741093282572,-10.242589067174324
MSFT,2021-07-07,CONTROL_A,NONE,,0,,,,,0.9249339332904949,0.5035354617527465,2.2176987358045963,2.3034068995071877,3.8622241268480906,7.799442896935949,0.6178130133561943
LLY,2021-07-08,CONTROL_A,NONE,,0,,,,,-2.4329566537358738,0.5228537696070124,3.4428234103558664,11.414235115533833,14.015854275594531,9.43666722887504,-3.2362118401079387
IBKR,2021-07-09,CONTROL_C,NONE,,0,,,,,-3.5738884212137334,-6.895232264483042,-5.349353332823126,-2.747378893395569,-5.135073084870278,-1.2703757557205098,-2.196372541516789
PEP,2021-07-13,CONTROL_A,NONE,,0,,,,,1.9281045751633918,3.2483660130719016,2.450980392156854,0.9411764705882231,1.8692810457516362,2.437908496732022,1.3006535947712505
PSX,2021-07-16,CONTROL_C,NONE,,0,,,,,-3.1145120150355643,-1.5438313867633169,-0.7115048999865814,-0.8323264867767355,-2.510404081084694,-9.706000805477233,10.108739428111168
PEP,2021-07-20,CONTROL_A,NONE,,0,,,,,1.2952869509458287,0.5129849310676615,-0.9682590573901861,1.2439884578390403,0.2885540237255624,0.04488618146842871,1.3145238858608632
MRVL,2021-07-23,CONTROL_A,NONE,,0,,,,,2.7155465037338677,2.817379497623884,2.5458248472504996,1.612355736591975,4.378818737270862,3.0719619823489364,14.002036659877803
ROKU,2021-07-23,GROSS+OPERATING,GROSS+OPERATING,DOUBLE,2,0.5691060167228915,0.13202411078001264,,54.0,-9.66646273285373,-17.440560325731525,-24.604966139954854,-25.92772304381764,-27.81375920339233,-33.29676589101496,-27.339085673298026
SNAP,2021-07-23,OPERATING_ONLY,OPERATING_ONLY,SINGLE,1,,-0.19601917508054104,,1.0,-4.534085807734234,-2.5075354325658883,-4.3032129801834245,-6.753030205861609,-3.700378374911828,-7.997178220996604,-2.8153658693003347
LLY,2021-07-23,CONTROL_A,NONE,,0,,,,,-0.3926540962820635,7.8080903104421395,8.09849073581741,10.84706940979181,6.163851282261024,-5.239478097263694,-2.2536709067855654
SLB,2021-07-28,CONTROL_B,OPERATING_ONLY,,1,,,,,-5.830207978179325,-1.193317422434359,-8.574838049778377,-2.96624616433685,-9.341970678486188,-1.5342652574156124,17.013296965564283
AAPL,2021-07-28,CONTROL_B,GROSS_ONLY,,1,,,,,1.4038355408388492,0.6208609271523224,0.9105960264900625,2.3489238410596025,6.256898454746129,1.3383002207505434,3.2008830022074886
GOOGL,2021-07-28,OPERATING_ONLY,OPERATING_ONLY,SINGLE,1,,0.312879767291532,,1.0,-0.8323027409475992,0.01871580237582382,-0.6009240468702437,4.303166640366696,5.3538204090320285,3.6455447215932635,4.185367178354271
AMD,2021-07-28,GROSS+OPERATING,GROSS+OPERATING,DOUBLE,2,0.4753246753246753,0.21584415584415584,,1.0,21.32604587015374,10.011748480359595,5.593298258160084,10.609388568217803,8.412933544465439,8.474229963732949,21.939010062828814
ETSY,2021-08-03,CONTROL_C,NONE,,0,,,,,-1.0817055240495699,2.089897080445269,5.697332493173701,13.552825036756989,14.177693761814748,7.797731568998101,28.06658265070363
GE,2021-08-06,CONTROL_A,NONE,,0,,,,,0.3682096403978541,-4.303749043611327,1.4728385615914164,0.17214996174443886,-4.552410099464432,0.3060443764345777,2.0371078806426857
AA,2021-08-12,CONTROL_A,NONE,,0,,,,,-18.205980066445182,-8.172757475083047,3.853820598006652,9.612403100775202,7.386489479512748,1.9601328903654514,5.935769656699885
ABBV,2021-08-17,CONTROL_A,NONE,,0,,,,,-0.05013787916771095,0.960976017381121,-7.76719311439793,-9.927300075206812,-9.041530876577264,-9.308932898805045,-2.414974513244761
AAL,2021-08-26,CONTROL_C,NONE,,0,,,,,-0.6535947712418277,-4.700854700854718,-0.7541478129713508,7.591754650578175,0.9552538964303636,-3.7204625439919647,-3.117144293614882
AVGO,2021-08-27,GROSS_ONLY,GROSS_ONLY,SINGLE,1,0.613767019667171,0.2987897125567322,,55.0,0.4176165594044434,0.6839227711985751,-0.07464643815441319,1.8540561260516064,-0.7081324268162215,5.338229063691569,11.499586418383178
EBAY,2021-08-30,CONTROL_A,NONE,,0,,,,,-3.6492585428755664,-8.020631850419079,-7.02772404900065,-8.007736943907151,-3.726627981947128,1.21212121212122,-7.62088974854932
CELH,2021-09-02,CONTROL_A,NONE,,0,,,,,6.708668766771675,8.715435771788616,15.109088787772729,9.753821024384557,3.7918562594796423,12.612297281530749,-17.279197293197978
WMT,2021-09-02,CONTROL_B,OPERATING_ONLY,,1,,,,,-1.7806052038102815,-2.524487529031605,-3.631896058433459,-7.83264330674206,-5.402403312127624,0.8549597764987205,-5.328351677942711
AEO,2021-09-02,CONTROL_B,OPERATING_ONLY,,1,,,,,0.0370164723301869,-1.1660188784008985,3.6461225245234097,-3.2389413288913538,-9.365167499537296,-12.104386451971127,-0.24060707014621485
LULU,2021-09-09,GROSS_ONLY,GROSS_ONLY,SINGLE,1,0.5809151685695338,0.2006255264997401,,2.0,1.3047508139838904,2.6926824631033686,-3.7680918316419842,-5.0621479668227165,0.7652636832473858,12.667252893504767,3.659956745965731
UPST,2021-09-09,CONTROL_A,NONE,,0,,,,,1.2047360972073706,16.03783354620456,9.227104836204214,6.044392281404254,22.199592668024447,11.04629086264628,-40.79533294211053
AVGO,2021-09-09,CONTROL_B,GROSS+OPERATING,,2,,,,,2.8276644910204096,2.227672599018926,-1.696598694612228,0.07094498722990394,4.291158227591518,11.24376697612195,13.272793610897171
ETSY,2021-09-10,CONTROL_C,NONE,,0,,,,,4.7057196847490435,2.7054431488224173,-5.876388440798264,-2.295248190994137,11.190487164124075,19.96819836843804,3.590358114024972
PG,2021-09-13,CONTROL_A,NONE,,0,,,,,-1.9493444985929087,-2.7661472990596514,-4.736083464891216,-2.3062667307296225,-1.9493444985929087,-0.21964445054567516,4.5713501269819545
CVS,2021-09-13,CONTROL_C,NONE,,0,,,,,0.10646477790263731,1.3781274028509038,-0.8635476429880939,-0.2898207842905176,4.477435381794526,9.717868338557988,10.120068610634657
M,2021-09-24,OPERATING_ONLY,OPERATING_ONLY,SINGLE,1,,0.1057198512484505,,15.0,-3.5232067510548526,-3.966244725738388,1.4345991561181437,12.257383966244738,31.729957805907173,42.48945147679326,4.852320675105504
HD,2021-09-27,OPERATING_ONLY,OPERATING_ONLY,SINGLE,1,0.33233620312272,0.16146213337224574,,24.0,-4.358396063384218,-1.3209923552327307,4.003983480272977,8.136844263495501,8.596701912656336,19.674291907091156,15.87241147007996
CLF,2021-09-28,CONTROL_C,NONE,,0,,,,,1.1211308798440234,5.946868145259554,2.5103582744333552,20.887155739702656,6.604923226907133,11.065074335851822,-0.999268827687072
COP,2021-09-29,CONTROL_A,NONE,,0,,,,,5.5486146836187356,7.628426545160583,11.736606158594842,10.428455941794667,6.018960828985076,5.00477695303887,7.606379069596536
COP,2021-10-04,CONTROL_A,NONE,,0,,,,,3.5114717403469387,4.224958030218229,7.764409625069946,2.1544487968662374,1.6088416340234835,-3.2036933407946333,1.0772243984331187
UPST,2021-10-13,CONTROL_A,NONE,,0,,,,,3.278236914600541,-8.802377845440045,-4.330868493547923,-25.64883282586633,-39.89850659707119,-47.92228505147166,-66.09540379875308
DAL,2021-10-13,CONTROL_B,OPERATING_ONLY,,1,,,,,-1.8031189083820731,-4.593079922027288,-0.09746588693957392,5.872319688109173,-11.318226120857688,-6.980994152046794,-0.9746588693957059
NET,2021-10-13,CONTROL_A,NONE,,0,,,,,9.942290804165111,15.493664533935526,26.2169113034751,23.121314766026856,25.837410613473864,-11.786475975410859,-30.535691883076144
RTX,2021-10-20,CONTROL_A,NONE,,0,,,,,-2.727173557325191,-3.970764699465479,-2.8471691938474986,-5.15981237045926,-11.519581106141597,-10.265081269772002,-0.9926911748663669
SNAP,2021-10-22,CONTROL_B,OPERATING_ONLY,,1,,,,,-2.103735944867613,-0.49873050417119646,0.7254261878853807,-10.700036271309388,-8.57816467174466,-16.358360536815386,-36.53427638737759
BAC,2021-10-26,CONTROL_A,NONE,,0,,,,,-0.14592453616844026,-2.2826766729205694,-1.8761726078799223,-1.000625390869292,-7.932040858870126,-7.692307692307687,-6.212215968313528
OXY,2021-10-26,CONTROL_A,NONE,,0,,,,,-2.840989399293292,-4.59363957597173,-10.021201413427573,-9.766784452296818,-13.045936395759716,-18.2756183745583,-4.621908127208474
GOOGL,2021-10-27,OPERATING_ONLY,OPERATING_ONLY,SINGLE,1,,0.3229675358579809,,1.0,0.27281118594235654,-0.13879867354962272,1.2970496735154269,-0.08580903216983682,0.9538135448360796,0.4199856415165293,-10.489043109637276
MSFT,2021-10-27,OPERATING_ONLY,OPERATING_ONLY,SINGLE,1,0.6988768012004325,0.4465873733918838,,2.0,3.239767528131554,2.2288858662050215,4.810189192531222,4.473228638555704,2.9399035489056535,3.4036107332756194,-8.278718931618656
COST,2021-10-28,CONTROL_A,NONE,,0,,,,,5.145409307827231,4.464249296406586,8.004649834808507,11.498144144879085,13.957662030427876,14.893747195823304,-2.5798425582248985
NFLX,2021-10-29,CONTROL_A,NONE,,0,,,,,-6.534489999855175,-1.1209430983794122,-1.7190690668945297,-3.853784993265652,-12.505611956726382,-11.549769004619904,-47.86455995018031
AMD,2021-11-01,GROSS+OPERATING,GROSS+OPERATING,DOUBLE,2,0.48365406909343844,0.21980060282865754,,4.0,19.83075203576561,16.94874660705732,21.730799936132826,26.656554366916808,8.254829953696309,18.36180744052369,-18.114322209803614
MARA,2021-11-02,OPERATING_ONLY,OPERATING_ONLY,SINGLE,1,,0.1576164156315202,,57.0,20.224186927691832,-12.527628670666246,-17.713924850015793,-19.766340385222612,-38.74329017998106,-45.75307862330281,-65.26681401957688
COIN,2021-11-03,CONTROL_A,NONE,,0,,,,,-4.668989547038327,0.6010452961672685,-9.21312427409987,-17.4012775842044,-28.281068524970966,-26.686991869918696,-44.70963995354239
ANF,2021-11-04,GROSS_ONLY,GROSS_ONLY,SINGLE,1,0.6515407296062901,0.13272474995663988,,41.0,-3.5547041294167636,1.8412090251170854,-19.22094508301404,-25.64921243082162,-28.58663260962112,-25.52149851000425,-15.985525755640694
IONQ,2021-11-08,CONTROL_A,NONE,,0,,,,,-7.092531705025829,9.605448567402552,12.00093940817284,1.2682010333489924,-24.048849224988246,-27.759511507750112,-46.54767496477219
UNH,2021-11-08,CONTROL_A,NONE,,0,,,,,-2.5769072788983327,-5.3656743844174954,-3.951834316968239,0.40210130358648843,5.333246859934726,5.916942300624761,5.590505220831443
APP,2021-11-09,CONTROL_A,NONE,,0,,,,,5.102237654320985,-10.25270061728396,-16.84992283950618,-7.339891975308655,-9.37500000000001,-20.61149691358025,-33.60339506172839
U,2021-11-12,CONTROL_A,NONE,,0,,,,,-3.511178861788633,-13.450203252032523,-24.98475609756098,-29.242886178861795,-27.134146341463417,-34.08028455284554,-41.28556910569107
PG,2021-11-15,CONTROL_A,NONE,,0,,,,,0.3053745928338625,-1.8729641693811194,2.9655266015200743,7.430781758957639,11.427795874049917,7.926167209554813,6.6503800217155185
CVX,2021-11-16,CONTROL_A,NONE,,0,,,,,-0.8185538881309795,-4.408253751705327,1.0061391541609677,-1.5347885402455685,0.13642564802183177,8.083219645293326,18.40893587994543
LEN,2021-11-17,OPERATING_ONLY,OPERATING_ONLY,SINGLE,1,,0.27724870606129626,,33.0,-0.5932702323264372,2.450070196096199,4.641999909424399,-1.6348897241972749,5.221683800552501,-1.9790770345545994,-17.938499162175635
SHOP,2021-11-18,CONTROL_A,NONE,,0,,,,,-6.198003327787016,-16.182552888043734,-13.192298550035652,-21.26277632517233,-18.983539339196575,-37.35084383170906,-47.18742571903969
AEO,2021-11-23,CONTROL_B,GROSS+OPERATING,,2,,,,,-10.125260960334026,-3.636047320807234,-16.945024356297832,-19.7633959638135,-15.379262352122469,-26.096033402922757,-25.85247042449548
SMCI,2021-11-23,CONTROL_C,NONE,,0,,,,,1.915250179554695,4.812066076131183,1.6758439071103526,1.759636102465878,7.852525736174276,-1.8194876705769802,-6.224563083552792
ETSY,2021-12-01,CONTROL_C,NONE,,0,,,,,-5.0443844075646505,-11.516788884600548,-13.114627556927838,-14.345812427634119,-35.596294866846776,-43.6896950984176,-40.223851794673884
PL,2021-12-02,CONTROL_C,NONE,,0,,,,,-1.6048144433299938,-34.7542627883651,-28.836509528585765,-38.36509528585758,-36.25877632898696,-38.81644934804414,-43.229689067201605
DOCU,2021-12-06,CONTROL_B,GROSS+OPERATING,,2,,,,,-2.891138712034236,2.9885537348223856,6.022335873082141,7.490519430817932,-11.637616115228067,-15.457676651706509,-24.34331837316912
SCHW,2021-12-16,CONTROL_A,NONE,,0,,,,,1.5263534462198969,0.2861912711662251,9.360839494395412,13.975673741950878,4.555211066062492,4.614834247555466,6.093489148580966
AA,2022-01-03,CONTROL_A,NONE,,0,,,,,1.9960245154878375,-0.546629120424047,1.3334437634586749,-3.619347357959246,22.6768262381978,36.78979625641876,49.113798244161
COP,2022-01-06,CONTROL_C,NONE,,0,,,,,6.586826347305386,5.389221556886237,13.72149318384508,17.008536119250863,14.23111224359792,29.054656644158495,24.88215059243215
AMD,2022-01-11,CONTROL_C,NONE,,0,,,,,-6.590925642706291,-19.24841599300853,-10.538198237564632,-3.240841890612478,-15.082659675187537,-22.460126720559327,-24.45561139028476
SLB,2022-01-14,OPERATING_ONLY,OPERATING_ONLY,SINGLE,1,,0.15529331280998804,,56.0,-5.812417437252315,3.19682959048877,6.39365918097754,3.830911492734468,-0.4755614266842789,0.10568031704094594,12.496697490092457
AAPL,2022-01-28,CONTROL_B,GROSS+OPERATING,,2,,,,,1.141934536914735,-1.0245119624247567,-1.6938206370174624,-2.961984441508869,-11.563188022897396,3.102891530896823,-7.95244385733157
BROS,2022-01-28,CONTROL_C,NONE,,0,,,,,21.51419558359622,9.25341745531021,6.414300736067302,1.6193480546792927,3.922187171398539,31.861198738170373,-1.0725552050473097
CVX,2022-02-02,CONTROL_A,NONE,,0,,,,,1.7948149789497103,-0.7755373365831875,-0.3988477730999307,15.459044242558551,18.435630401063598,21.286653371740915,18.02939655809146
BAC,2022-02-08,CONTROL_C,NONE,,0,,,,,-3.2604293236128012,-9.305386796273806,-12.5961927906035,-17.638720129607133,-12.778452814904828,-20.210611583637107,-24.09882543539895
CASY,2022-02-11,CONTROL_C,NONE,,0,,,,,1.6069561389026488,3.5331021958064923,-2.2563425238016577,-0.8475042650377129,9.823344890209661,13.584832975620497,8.480545924825279
CVX,2022-02-28,CONTROL_A,NONE,,0,,,,,12.486978262379322,9.90346551843877,13.966247656087226,14.146815751093822,17.355371900826434,8.465865685117024,21.838322105701778
OXY,2022-03-04,CONTROL_A,NONE,,0,,,,,-1.102810387762354,8.484525080042694,0.7292778370686648,2.8103877623621543,7.381714692280328,5.371753824261827,25.240128068303093
OXY,2022-03-09,CONTROL_A,NONE,,0,,,,,-7.820111343075853,4.03618649965205,0.017397355601955766,-2.3834377174669408,3.0271398747390377,8.281141266527502,22.286012526096055
OXY,2022-03-09,CONTROL_C,NONE,,0,,,,,-7.820111343075853,4.03618649965205,0.017397355601955766,-2.3834377174669408,3.0271398747390377,8.281141266527502,22.286012526096055
AVGO,2022-03-10,CONTROL_B,GROSS+OPERATING,,2,,,,,2.620830496936688,6.649081007488067,7.127297481279782,2.6089176310415185,-0.18550034036760588,-1.2491490810074946,-4.4928522804629
PANW,2022-03-23,CONTROL_A,NONE,,0,,,,,1.9554275117557474,0.5000331147757997,4.138519107225647,-1.9984767203126141,-12.207762103450559,-27.778329690708002,-21.32591562355123
AA,2022-03-23,CONTROL_A,NONE,,0,,,,,-2.0912951167728178,-6.878980891719744,-7.223991507431005,-23.354564755838638,-32.64331210191082,-34.21443736730361,-47.696390658174096
NKE,2022-04-05,CONTROL_B,GROSS_ONLY,,1,,,,,-5.4803840048378465,2.706175825837187,-8.36042028875954,-4.7547055710937975,-17.26509940282711,-6.750321263889935,-23.508957593166524
ABBV,2022-04-07,CONTROL_A,NONE,,0,,,,,-6.453102453102455,-10.637806637806646,-15.215007215007226,-11.69985569985571,-12.790764790764786,-15.434343434343445,-11.919191919191919
RTX,2022-04-18,CONTROL_A,NONE,,0,,,,,-4.476610429447836,-9.691334355828218,-12.068634969325142,-11.320935582822077,-8.732745398773002,-12.44248466257668,-13.688650306748452
XOM,2022-04-18,CONTROL_A,NONE,,0,,,,,-7.1243084565879915,-2.4161680027097066,-4.5387828835948945,2.641978096420905,8.490459523540705,8.47352376651238,-6.119453539573206
WMT,2022-04-21,CONTROL_A,NONE,,0,,,,,-2.3135121615706966,-4.433189520415182,-7.7846557869067805,-25.53304570749704,-21.643844181829554,-25.99887450759708,-19.008316138310512
PEP,2022-04-28,OPERATING_ONLY,OPERATING_ONLY,SINGLE,1,0.5411728395061728,0.32512345679012344,,3.0,-4.065086425313902,-4.059456111705428,-9.239344631495982,-4.2508867743933365,-8.467991667135866,-6.353808907156145,-3.2712122065199023
DVN,2022-05-04,CONTROL_A,NONE,,0,,,,,-4.516605166051669,3.1586715867158777,6.199261992619931,12.605166051660532,-6.6420664206642055,-18.642066420664204,-9.12177121771217
SMCI,2022-05-06,CONTROL_B,OPERATING_ONLY,,1,,,,,1.8717098849678315,-3.06102554104114,-3.499707545330477,7.135893936439852,-12.263599142132964,-23.76681614349775,11.639695847143683
RIOT,2022-05-10,CONTROL_B,OPERATING_ONLY,,1,,,,,1.195219123505975,-16.93227091633467,-13.413014608233741,-20.849933598937586,-34.462151394422314,-27.622841965471444,9.694555112881797
SHOP,2022-05-12,CONTROL_C,NONE,,0,,,,,10.238283010365024,-1.2054979720594994,-0.34080666967103435,-1.794164037854895,5.083934204596652,-90.88271744028842,-89.66172825597116
RKLB,2022-05-19,CONTROL_C,NONE,,0,,,,,-1.4783526927138357,3.2734952481520363,-10.982048574445624,-11.615628299894421,-16.15628299894404,-13.833157338965163,39.49313621964097
DLTR,2022-05-26,CONTROL_B,GROSS_ONLY,,1,,,,,-1.8420729460886687,-4.206066560235799,-7.896352695566755,-3.499938597568475,0.7675303942036082,-3.082402063121703,2.001719268083013
CASY,2022-06-01,CONTROL_C,NONE,,0,,,,,-4.50928381962864,-9.997588618278265,-8.789486375693267,-10.889799855317083,-2.8526645768024994,-2.1991801302146174,4.7552447552447585
CRWD,2022-06-03,CONTROL_B,OPERATING_ONLY,,1,,,,,4.597913966549405,1.15410726408689,12.263161142998214,15.429241498487944,11.442325495278638,16.182188483614148,19.193976424118997
DELL,2022-06-06,CONTROL_B,OPERATING_ONLY,,1,,,,,-5.622129019372868,-1.5777910924705374,-2.256840423407236,-15.678050728979432,-11.773517076093476,-11.224285999600559,-23.52706211304174
FUBO,2022-06-09,CONTROL_C,NONE,,0,,,,,-17.313915857605167,-4.854368932038833,-20.226537216828476,-17.313915857605167,-19.579288025889962,26.860841423948223,17.152103559870557
AVGO,2022-06-09,CONTROL_B,GROSS+OPERATING,,2,,,,,-10.572928842453566,-8.419500440576178,-14.05168228164506,-13.150748979481753,-7.703788955025271,-1.8989731877933513,-10.368825190167064
BE,2022-06-27,CONTROL_C,NONE,,0,,,,,-5.6484782012613195,-4.0307101727447225,-4.304908143679742,-9.843707156567028,35.53605703317795,32.16342199067728,31.779544831368266
UNH,2022-07-08,CONTROL_C,NONE,,0,,,,,2.2011729300100313,0.6067211976232612,4.651207654911649,3.244849139594086,5.822208503742554,-0.38583224014198114,-0.55559842580446
SLB,2022-07-27,CONTROL_B,OPERATING_ONLY,,1,,,,,-2.1751101321585864,-3.882158590308382,-2.5605726872246715,9.870594713656388,5.066079295154169,5.176211453744495,25.770925110132147
RCAT,2022-07-28,CONTROL_C,NONE,,0,,,,,1.3953488372093092,-6.279069767441847,-6.04651162790697,7.441860465116279,13.953488372093027,-24.883720930232556,-32.09302325581396
LUNR,2022-08-10,CONTROL_A,NONE,,0,,,,,0.1029866117404632,0.1029866117404632,0.0,0.3089598352214118,1.1328527291452062,1.1328527291452062,1.441812564366618
CELH,2022-08-23,CONTROL_A,NONE,,0,,,,,-7.53364022662889,-12.420325779036812,-7.808073654390935,-13.040014164305935,-21.19334277620396,-24.964589235127466,-10.88881019830028
HD,2022-08-23,CONTROL_B,OPERATING_ONLY,,1,,,,,-4.439518889142413,-3.002053521953141,-9.902539196192839,-11.499722937514267,-5.489096776296498,-10.120929626128628,2.7152123602464107
RILY,2022-09-06,CONTROL_C,NONE,,0,,,,,0.2677100494233864,5.992586490939034,-6.445634266886335,-3.850906095551909,-13.138385502471174,-14.847611202635914,-9.390444810543663
AVGO,2022-09-08,CONTROL_B,OPERATING_ONLY,,1,,,,,-2.336932117686108,-6.807754631889273,-12.104410300462709,-6.421194431971267,-15.993440190546849,-13.283614142636813,5.579742683664879
LUNR,2022-09-19,CONTROL_A,NONE,,0,,,,,-0.10152284263958977,-0.3045685279187804,-0.3045685279187804,-0.3045685279187804,0.0,0.4060913705583813,1.2182741116751439
HAL,2022-10-26,CONTROL_B,OPERATING_ONLY,,1,,,,,-1.8914473684210509,0.9594298245614086,3.7828947368421018,0.24671052631579649,-4.3859649122806825,2.905701754385981,9.320175438596511
SNAP,2022-10-31,CONTROL_C,NONE,,0,,,,,0.8559919436052388,13.89728096676739,0.35246727089628394,-1.1077542799597162,-5.18630412890232,-13.897280966767367,9.869083585095684
SLB,2022-11-04,OPERATING_ONLY,OPERATING_ONLY,SINGLE,1,,0.18724087200748962,,8.0,3.2573903219732747,0.7154961400866133,-6.091131613632084,-3.238561476181512,-6.1570325739032095,-2.654867256637161,-1.5627942007154894
CVX,2022-11-07,CONTROL_C,NONE,,0,,,,,0.533318967839258,-2.364919463448789,-2.5049830307601217,-7.331789042719383,-6.9816301244410965,-5.607929752733931,-8.721650595270159
EOG,2022-11-08,CONTROL_A,NONE,,0,,,,,-0.6608226567768161,-2.677006068779497,-4.342548887390418,-14.942683749157116,-12.346594740391104,-14.052596089008773,-16.500337154416734
SMCI,2022-11-11,GROSS+OPERATING,GROSS+OPERATING,DOUBLE,2,0.18764071636440208,0.11884856894494447,,6.0,3.5461842578171865,10.794297352342163,-0.14376422666827482,6.756918653408417,-0.6469390200071756,-9.452497903438362,4.241044686713802
GILD,2022-12-01,CONTROL_A,NONE,,0,,,,,1.7739367750739143,-1.5351375938139622,-2.99067546054127,-2.387991812599488,-2.8883329542870095,-4.503070275187627,-9.472367523311343
DELL,2022-12-05,CONTROL_B,OPERATING_ONLY,,1,,,,,-0.5221023320570839,-9.432648799164634,-8.550875971690452,-5.012182387747988,-8.446455505279038,-1.5082956259426794,-7.66910314421626
DOCU,2022-12-08,CONTROL_B,GROSS_ONLY,,1,,,,,28.67915904936016,23.971663619744056,26.62248628884827,29.11334552102378,32.40402193784278,51.234003656307145,50.057129798903134
CELH,2022-12-19,CONTROL_C,NONE,,0,,,,,-0.7847957639939507,-4.633131618759457,0.7942511346444636,-7.488653555219371,-10.911497730711051,-11.308623298033293,-20.84909228441756
DHI,2023-01-13,CONTROL_C,NONE,,0,,,,,0.7792754844144989,-0.17902274641953264,3.3487784330244352,5.876158382476837,-2.5589721988205527,2.7064026958719456,4.096461668070761
MMM,2023-01-23,CONTROL_C,NONE,,0,,,,,-8.195384489929047,-4.941694528255736,-5.99363940308244,-10.947565848487317,-12.688575389382695,-14.963711979124195,-13.520345755524744
SMCI,2023-02-16,OPERATING_ONLY,OPERATING_ONLY,SINGLE,1,0.1871245206425262,0.11933373817030327,,10.0,2.3573589235422965,2.1487430896005133,-3.1605298842182106,-0.396370084489428,11.140085532491906,15.23417127359965,43.7519557734432
PANW,2023-02-22,CONTROL_B,OPERATING_ONLY,,1,,,,,-0.42068267745886123,0.33015602534747224,-2.1566643591245493,1.6561052239203455,3.3920869055860337,2.361680600670968,1.0064433675914586
HAL,2023-04-26,CONTROL_B,OPERATING_ONLY,,1,,,,,-8.162622124172703,-6.838953671604164,-8.761424519382288,-2.9309801449732054,1.3079104947998799,-2.6630948629057682,20.61140876142453
DHI,2023-04-28,CONTROL_A,NONE,,0,,,,,-1.5569516525539395,-1.1199125921879327,0.32777929527452176,-2.822543931530541,5.658745333697546,11.99125921879267,17.108258217244842
CAT,2023-05-03,CONTROL_B,OPERATING_ONLY,,1,,,,,-1.1315154887775902,-1.6740864403635647,-2.749953626414381,-3.0560192914116047,14.876646262289018,14.148580968280466,22.885364496382877
AAPL,2023-05-05,CONTROL_B,GROSS_ONLY,,1,,,,,-0.6134439260411462,0.9100858245492782,0.9907263406485844,3.499222395023316,6.577962098957424,10.209665341858187,10.949830078912504
JNJ,2023-05-08,CONTROL_C,NONE,,0,,,,,-1.6818629866929502,-3.3729669788072902,-4.900813208477073,-2.5381961557417454,0.9672252341054621,-0.44356826022671214,5.0948743223262705
PEP,2023-05-12,CONTROL_A,NONE,,0,,,,,-2.177016416845101,-6.434179667584372,-6.082390129499327,-7.26012032221881,-5.016824717038837,-6.561639645151407,-6.19455490975832
DELL,2023-05-16,CONTROL_C,NONE,,0,,,,,2.1597796143250525,-1.2451790633608795,5.05785123966942,8.892561983471058,17.03581267217631,22.23691460055097,25.24517906336088
AVGO,2023-05-18,GROSS+OPERATING,GROSS+OPERATING,DOUBLE,2,0.6734716769489624,0.4602355580482333,,51.0,7.495463330431851,19.70758767206151,18.766320945397695,28.093418509611844,29.22795473657811,33.29399094141428,24.39031587022913
PANW,2023-05-24,CONTROL_B,OPERATING_ONLY,,1,,,,,6.073508540106687,9.04174619488083,19.311897420838832,19.311897420838832,21.137375813634797,19.099006509078432,17.794743796799285
CRWD,2023-06-01,CONTROL_B,GROSS+OPERATING,,2,,,,,-3.976641594465069,1.3932527214446822,-8.835570789298286,-6.756799644545996,-3.081659208480114,2.5421308197657977,-8.534069630899099
AVGO,2023-06-07,CONTROL_B,GROSS_ONLY,,1,,,,,11.88189368666006,6.259104869173671,8.824549565173513,6.824158568194294,13.052362063202771,11.163594397391673,10.061865812359283
ORCL,2023-06-12,CONTROL_A,NONE,,0,,,,,4.781936813186816,1.1589972527472403,-0.42067307692308376,-0.43355082417583235,-0.8756868131868267,-2.8760302197802234,7.400412087912089
BE,2023-06-23,CONTROL_C,NONE,,0,,,,,5.928085519922255,12.536443148688047,19.46873987690314,15.030774214447673,1.8464528668610258,-6.608357628765804,-4.89148040168449
VST,2023-07-20,OPERATING_ONLY,OPERATING_ONLY,SINGLE,1,,0.36401673640167365,,50.0,2.704184176868263,2.0464096473597815,12.223643340032897,8.642426457153295,14.83646994335832,20.19002375296912,15.58560204640964
CASY,2023-07-20,CONTROL_A,NONE,,0,,,,,-2.6490454066294467,-4.357162378479673,-2.8188810369734085,-4.345449576386984,-4.517237340413072,8.847069847343159,4.048725256705588
AAL,2023-07-20,CONTROL_B,OPERATING_ONLY,,1,,,,,-5.1817921557400615,-8.359576295448045,-9.76238190667048,-13.827655310621234,-15.659891210993415,-23.819066704838253,-32.89436014886916
AEO,2023-08-01,CONTROL_C,NONE,,0,,,,,5.1212017753499595,8.910891089108919,5.633321952884951,13.144417890064863,1.7412086036189933,7.1355411403209335,23.318538750426754
CAT,2023-08-02,CONTROL_B,OPERATING_ONLY,,1,,,,,-1.0779984003894572,-4.544980352609795,-5.104844037973367,-1.8499843516361247,-1.728274854817946,-3.9816392530514277,-15.73877664568627
AAPL,2023-08-04,CONTROL_B,GROSS_ONLY,,1,,,,,-2.269230769230768,-4.126373626373625,-1.8489010989011012,4.109890109890113,-2.197802197802201,-4.5439560439560545,-6.439560439560443
WMT,2023-08-07,CONTROL_A,NONE,,0,,,,,-0.29910269192422456,-1.8506979062811513,-1.1091724825523452,-0.1370887337986071,1.8008474576271194,-0.8536889332003805,1.8320039880358907
PSX,2023-08-08,CONTROL_A,NONE,,0,,,,,0.5498403689251363,0.14189428875488463,-0.048776161759500614,3.440936502305769,6.447321745299739,-1.9687832564739272,2.9531748847108963
SLB,2023-08-08,OPERATING_ONLY,OPERATING_ONLY,SINGLE,1,,0.19520928509692553,,10.0,-0.3502477362036571,-3.6049888945839714,-0.5296429181616324,4.237143345293015,2.1527421834956373,-4.595933709208944,-4.595933709208944
LYFT,2023-08-09,CONTROL_B,OPERATING_ONLY,,1,,,,,9.278846153846153,2.9807692307692424,12.403846153846153,3.9423076923077005,-0.7692307692307665,-1.3942307692307643,-4.326923076923084
LULU,2023-08-31,CONTROL_B,GROSS_ONLY,,1,,,,,3.9740832065473963,2.2664078484864403,1.8099784901106863,1.1253344525470776,-0.8866271444310514,1.5188080373537582,14.306699543570623
CRWD,2023-08-31,CONTROL_B,OPERATING_ONLY,,1,,,,,3.09644981298669,1.4470537739898148,-0.30657918940462103,2.679502115396404,13.857379361088974,6.015083696118717,28.772456925623867
DOCU,2023-09-07,CONTROL_B,OPERATING_ONLY,,1,,,,,-13.883569513596328,-19.20720030639602,-19.57104557640751,-21.409421677518193,-21.237073918039062,-23.688242052853305,-11.91114515511298
LLY,2023-09-12,CONTROL_A,NONE,,0,,,,,-4.106892640288251,-8.263828651497962,-12.505838393274171,-3.3579101888303153,-1.1610062053780013,0.13094682057783746,-1.6505971842263212
PSX,2023-09-12,CONTROL_A,NONE,,0,,,,,-3.294183895100955,-3.9256696967259197,-6.950366020432785,-9.54870887297885,-9.95092912879093,-8.422492156705008,0.5550639530206736
HAL,2023-10-17,OPERATING_ONLY,OPERATING_ONLY,SINGLE,1,,0.1743704725767506,,59.0,-6.563661710037161,-8.59665427509293,-11.849442379182163,-8.968401486988842,-13.324814126394047,-19.377323420074344,-19.88847583643123
SLB,2023-10-25,CONTROL_B,OPERATING_ONLY,,1,,,,,-1.3863134657836618,-6.490066225165558,-5.1832229580573985,-7.26710816777042,-14.401766004415018,-7.108167770419427,-10.905077262693153
HAL,2023-10-25,CONTROL_B,OPERATING_ONLY,,1,,,,,-2.376825947016592,-6.41247833622185,-4.827927704877455,-6.214409507303786,-14.756127754394655,-9.284476355533544,-12.602129239910875
NET,2023-11-02,CONTROL_B,OPERATING_ONLY,,1,,,,,9.821586292174533,24.907260201377834,29.53541777071189,39.16269210386858,50.18547959724429,40.14308426073132,39.692633810280874
CVNA,2023-11-02,CONTROL_B,GROSS_ONLY,,1,,,,,1.7212566844919674,8.188502673796783,4.9131016042780695,17.647058823529417,71.69117647058823,63.352272727272705,43.883689839572185
MSFT,2023-11-07,GROSS+OPERATING,GROSS+OPERATING,DOUBLE,2,0.7115558150644938,0.4758745156324646,,11.0,2.7155220237434774,3.50049927881948,5.117607899700438,2.3271940530345203,2.8403417286142263,1.9915677354931827,12.463940974148446
ANF,2023-11-08,CONTROL_A,NONE,,0,,,,,2.807043394975328,7.198113902600767,11.824946585132267,14.720400795697364,37.32409931481617,41.796213070065576,53.46644072791573
LYFT,2023-11-09,CONTROL_B,OPERATING_ONLY,,1,,,,,3.2258064516129226,1.9354838709677358,30.1240694789082,31.116625310173717,52.45657568238214,33.99503722084367,23.573200992555844
AVGO,2023-11-15,CONTROL_A,NONE,,0,,,,,-0.43233718202215776,-5.0984028112161734,-5.708489995799571,13.314346013175005,14.430021821758231,14.263029023962947,28.27813009046296
GE,2023-11-17,CONTROL_A,NONE,,0,,,,,0.05002918369048093,1.3090969732343805,0.3168514967064162,3.0934711915283852,3.435337280080031,7.220878845993495,23.73050946385389
PANW,2023-11-17,CONTROL_B,GROSS+OPERATING,,2,,,,,8.707592891760907,15.763327948303708,21.122778675282717,24.204361873990287,15.743134087237486,35.65831987075929,48.214862681744755
CSCO,2023-11-21,CONTROL_B,GROSS+OPERATING,,2,,,,,0.49132343717332994,-0.2508885636629654,3.8678653564708343,4.160568680744303,4.735521639138618,7.777545473552161,0.9826468743466377
LEN,2023-11-30,CONTROL_C,NONE,,0,,,,,7.465603502188856,21.063946216385254,15.611319574734207,16.502501563477168,17.643839899937475,18.105065666041288,20.18449030644154
SNOW,2023-12-01,CONTROL_B,GROSS+OPERATING,,2,,,,,2.511022690611897,7.006129691364671,5.212926121088302,1.6829766641574428,1.145284439187022,5.220991504462846,1.2501344230562594
DOCU,2023-12-08,CONTROL_B,OPERATING_ONLY,,1,,,,,27.00744616623063,22.157375729523054,14.831958140470935,12.839605554437528,25.739585429663926,3.290400482994582,7.8084121553632535
RILY,2023-12-15,CONTROL_C,NONE,,0,,,,,-1.5181194906954132,17.97257590597452,9.64740450538686,8.153770812928496,14.88736532810968,-6.36630754162586,-14.446620959843305
AMD,2024-01-19,CONTROL_A,NONE,,0,,,,,1.744920215819068,1.9572953736654686,-0.9987372287911911,-0.189415681322469,17.862472735621626,9.442084720468369,-6.1531397084146455
CRWD,2024-01-22,OPERATING_ONLY,OPERATING_ONLY,SINGLE,1,0.7519077268343821,0.004024101351884317,,36.0,0.6294572605216375,1.335922590149674,7.600361603107109,8.405598151806327,-0.24106873807212548,7.3793819265409955,-1.660695751163499
META,2024-01-25,CONTROL_A,NONE,,0,,,,,0.37631264461337466,19.530117724834085,23.087289277632262,23.08983193063643,28.630272826667323,29.532914643138653,22.494851127666603
RTX,2024-01-26,CONTROL_C,NONE,,0,,,,,1.7477876106194667,0.08296460176990816,0.6249999999999867,-0.45353982300886386,1.106194690265494,5.785398230088479,12.063053097345122
VST,2024-01-30,CONTROL_A,NONE,,0,,,,,4.947853504729571,7.227746786320655,12.005821004123218,28.64419112296872,48.253698763036645,65.72883822459374,75.81857870482658
AAPL,2024-02-02,CONTROL_B,GROSS+OPERATING,,2,,,,,1.6116013775290705,-1.9048643994834191,-2.49677141627207,-5.784545845888934,-6.54326302195437,-9.099225139905299,-8.496556177356862
MRK,2024-02-07,CONTROL_A,NONE,,0,,,,,-1.2710867006669346,1.4358571989015356,-0.26677128285602647,-2.7697136131816458,-3.044331110239318,0.4236955668889708,0.07061592781483217
COST,2024-02-07,CONTROL_A,NONE,,0,,,,,0.2528339631028942,1.939319848855292,3.3174038675261253,9.09924427650588,3.1659813291842642,-0.9057568348521894,3.345187819515427
LLY,2024-02-08,CONTROL_A,NONE,,0,,,,,2.900815217391317,4.635869565217399,6.361413043478259,3.531250000000008,4.725543478260863,5.610054347826088,4.118206521739132
IBKR,2024-02-12,CONTROL_A,NONE,,0,,,,,5.2754863020674225,9.074243813015581,11.661065281596915,11.121295447601586,12.272125471025564,15.592219166921284,21.93706080048885
WMT,2024-02-14,CONTROL_C,NONE,,0,,,,,3.9717825597249234,-65.26765072025609,-64.2243167941194,-63.81528247080443,-64.31323729918785,-64.34287746754401,-64.15318039006462
VST,2024-02-20,CONTROL_A,NONE,,0,,,,,10.355285961871763,27.599653379549395,30.437608318890817,37.93327556325825,59.83535528596189,48.63518197573657,109.98700173310229
VST,2024-02-23,CONTROL_A,NONE,,0,,,,,12.083504730563565,24.39325380501851,26.65569724393253,42.16371863430688,53.085150143973706,37.18634306869602,88.18387494858084
Z,2024-02-27,CONTROL_C,NONE,,0,,,,,-0.6379876048122513,3.0623405030987927,-12.231133795114834,-10.864017499088597,-17.76339773970105,-20.79839591687932,-24.33467006926723
ABBV,2024-03-06,CONTROL_A,NONE,,0,,,,,-0.6628003314001707,-2.6788180060756783,-0.3645401822701011,-7.241093620546812,-9.036177851422266,-11.151615575807783,-10.880972107152731
CL,2024-03-11,CONTROL_A,NONE,,0,,,,,0.1588562351072298,0.5900374446839995,1.123340519686833,-0.5446499489390577,0.5162827640984968,6.740043118120953,6.286168160671735
SMCI,2024-03-13,CONTROL_A,NONE,,0,,,,,-24.63053358020536,-13.882343039892275,-19.396566234640634,-21.158054199629696,-33.70560511698367,-32.65401447567749,-35.28025584918364
CAT,2024-03-15,CONTROL_A,NONE,,0,,,,,3.1931755958384933,4.801291103490013,7.588114931266032,4.847401942419083,0.7781204069281511,2.8026744286578698,-5.709098244906197
ORCL,2024-03-20,CONTROL_A,NONE,,0,,,,,-3.012234783955392,-3.8175623354498978,-4.560941613752512,-10.198234474214019,-10.98033142326157,-5.358525631098021,6.9459501316401
VLO,2024-04-03,CONTROL_A,NONE,,0,,,,,-2.5705729022239443,-7.24862736398425,-7.326271421440856,-13.69308413288226,-12.55615329155344,-16.26643003715823,-13.083023681437522
NRG,2024-04-08,CONTROL_A,NONE,,0,,,,,-1.1649959360606865,-4.646437279869941,0.1354646437280005,5.486318070983498,10.335952316445418,5.445678677865096,7.626659441885675
MU,2024-04-09,CONTROL_C,NONE,,0,,,,,-0.7906749266384239,-8.363221388979458,-7.898597978480604,-2.8366481904140928,3.8963156178676073,8.958265405934117,7.295402673622431
ABNB,2024-04-10,CONTROL_C,NONE,,0,,,,,-1.179112857944964,1.6158213238505192,-2.5984153721379966,-1.540957015409572,-10.998814648449684,-8.284983467465224,-5.199950090461025
NFLX,2024-04-22,CONTROL_B,OPERATING_ONLY,,1,,,,,0.8537684817886859,7.645149657410744,11.191849981968982,15.532816444284169,13.836999639379744,23.621529029931487,15.93761269383338
HON,2024-04-25,CONTROL_B,GROSS_ONLY,,1,,,,,0.3212102372810888,4.020308776292603,7.056263599626966,3.2483680447621843,8.232307532898142,11.866645943425546,12.584188167029309
EOSE,2024-04-25,CONTROL_C,NONE,,0,,,,,-9.118907337975369,-8.784145688269952,-5.98553829673274,-7.1371183717193425,-7.632565613283349,41.26941617568289,131.65506159614355
CVNA,2024-05-01,CONTROL_B,GROSS_ONLY,,1,,,,,31.38853795796488,38.86528080854485,32.870104513609746,17.79028367979787,22.705868841162303,47.674285057999334,46.67508900884347
RIOT,2024-05-01,CONTROL_B,OPERATING_ONLY,,1,,,,,5.714285714285694,5.91836734693878,10.102040816326507,2.5510204081632626,12.091836734693873,-6.938775510204098,8.418367346938771
CAT,2024-05-01,CONTROL_B,OPERATING_ONLY,,1,,,,,4.093408253277753,8.77741526191771,7.519183130928653,2.471149779469517,-1.3956860612651778,0.6102350311159466,4.048093770769157
AMZN,2024-05-01,CONTROL_B,OPERATING_ONLY,,1,,,,,5.099815467203483,4.031762008611528,2.3709668400156536,0.2320639713694561,2.7120729184141323,8.074707823072181,2.449253480959568
AAPL,2024-05-03,CONTROL_B,GROSS_ONLY,,1,,,,,-0.1908813263525433,3.5476657940663126,3.6212914485165726,5.797338568935428,18.16644851657938,20.173429319371717,21.17146596858639
FUBO,2024-05-03,CONTROL_B,OPERATING_ONLY,,1,,,,,-6.909090909090909,-4.727272727272725,-9.818181818181815,-7.272727272727275,-13.454545454545464,-4.3636363636363695,6.545454545454543
PLTR,2024-05-07,CONTROL_B,GROSS+OPERATING,,2,,,,,0.14012143858010973,-0.8407286314806139,-2.1718822979915897,7.192900513778611,19.430172816440926,27.136851938346563,15.506772536198032
HON,2024-05-08,CONTROL_C,NONE,,0,,,,,3.521215639750608,2.3651462755887698,1.4312037761566865,5.267940530580306,8.54936012317944,6.797586894514973,0.8556932629931513
APP,2024-05-08,CONTROL_B,OPERATING_ONLY,,1,,,,,13.581665765278528,8.132774472687942,11.506219578150368,12.337750135208214,6.212817739318566,15.0757166035695,-9.28880475932935
MARA,2024-05-09,CONTROL_B,OPERATING_ONLY,,1,,,,,-0.02545176889793277,2.265207431916516,-0.5344871468567103,-1.9088826673453796,-4.912191397302113,-3.0796640366505534,-12.216849071010428
IBKR,2024-05-17,CONTROL_A,NONE,,0,,,,,3.347466182111858,2.2370280637997064,1.2275388653341324,-2.265293761356757,3.0244296386028546,-0.41590954976782335,-4.663840096910965
QCOM,2024-05-24,CONTROL_A,NONE,,0,,,,,-2.147472443937659,-0.5891296085138609,5.5729760547320595,-3.976624857468636,-0.8171797795515023,-13.984701634359563,-17.255796275180536
COST,2024-05-24,CONTROL_A,NONE,,0,,,,,0.6031310961305714,4.762698471491711,7.159789614045464,5.632515988838671,9.195742894535375,2.6680988715213294,8.822875768575432
COST,2024-06-06,OPERATING_ONLY,OPERATING_ONLY,SINGLE,1,,0.03754592839442878,,1.0,0.3536546289593323,0.5957537709314842,0.8734557278995636,4.529864827979058,0.5654913781849569,-4.894200301437168,4.2996332910055335
DOCU,2024-06-07,CONTROL_B,OPERATING_ONLY,,1,,,,,-2.4006145573266746,-0.6337622431342393,5.799884770501262,-0.3072786633378177,7.758786249279814,-2.823122719416171,10.27463030535818
ZS,2024-06-07,CONTROL_B,OPERATING_ONLY,,1,,,,,1.7506074663132143,-0.016567263088140827,9.631102275237469,8.996023856858848,5.522421029379276,-8.37751270156838,-13.248288049480895
CRWD,2024-06-10,GROSS+OPERATING,GROSS+OPERATING,DOUBLE,2,0.7557066173309187,0.007530650267741978,,4.0,4.206056721679219,3.3087646210543387,2.8093788388612984,0.02002884153182727,-31.036692837686264,-38.432676387331085,-31.50670298563264
MU,2024-06-11,CONTROL_A,NONE,,0,,,,,13.637373213889115,5.486044273339741,1.2549048641445237,-3.561116458132818,-20.48567409491374,-31.813133930554528,-36.05537869252979
ANF,2024-06-12,GROSS_ONLY,GROSS_ONLY,SINGLE,1,0.6636985294838008,0.12721189736757027,,4.0,-8.692487652716407,-10.311931375097483,-10.735638159604887,-9.888224590590056,-20.67065245645957,-23.597608526124247,-30.733038731479066
RUN,2024-06-13,CONTROL_C,NONE,,0,,,,,-5.483405483405479,-14.64646464646464,-8.766233766233766,12.914862914862923,17.893217893217894,25.108225108225103,24.098124098124106
HIMS,2024-06-18,OPERATING_ONLY,OPERATING_ONLY,SINGLE,1,0.823576145608277,0.035600404068001336,,31.0,-13.067150635208725,-17.483363581367218,-15.103851582980443,-17.927001411574917,-25.32768703367615,-36.60012099213551,-33.21234119782215
MRK,2024-06-24,CONTROL_A,NONE,,0,,,,,-3.842249708635659,-5.237038986428066,-5.703221925636304,-6.500244370089103,-16.508139403736976,-13.455393059889476,-10.771081619609756
LLY,2024-06-25,CONTROL_A,NONE,,0,,,,,0.2376058174745177,3.8392679530535156,0.03260172844417042,-4.955462723515247,-14.564684039519927,5.144442234157776,1.213447384125721
PEP,2024-07-11,CONTROL_B,GROSS_ONLY,,1,,,,,3.923900118906065,4.283667184975148,6.6800817098082055,5.082472026586182,7.149608219762804,8.119149974084582,2.3994633982743485
GOOGL,2024-07-24,CONTROL_B,OPERATING_ONLY,,1,,,,,-0.7007586726124893,-7.928418370301726,-7.152371575838301,-3.978687670122183,-8.924538136329419,-6.086755081948225,-5.652400532808244
CVNA,2024-07-31,CONTROL_B,GROSS_ONLY,,1,,,,,-3.359231317794542,6.5495627369290155,17.659422737679687,15.775250534849672,5.502383365236629,28.611642833014315,50.29838982096611
AMD,2024-07-31,CONTROL_B,GROSS_ONLY,,1,,,,,-10.948854592013301,-2.636860682400166,9.17710568205412,1.3011281057512702,4.360163333102629,16.084158073223055,6.1872793964980355
NET,2024-08-01,CONTROL_B,OPERATING_ONLY,,1,,,,,3.2529067813697132,10.42408764029843,8.475031924188459,9.254654210632452,5.685865985617311,9.664627999193499,19.21500100813227
FUBO,2024-08-06,CONTROL_B,OPERATING_ONLY,,1,,,,,-4.166666666666674,46.96969696969695,36.74242424242422,30.681818181818187,22.72727272727273,8.712121212121215,37.87878787878787
LYFT,2024-08-07,CONTROL_B,OPERATING_ONLY,,1,,,,,11.025358324145529,28.886438809261293,26.29547960308709,23.92502756339581,38.0374862183021,36.383682469680245,42.888643880926125
ZETA,2024-08-27,CONTROL_A,NONE,,0,,,,,-2.355712603062421,2.8268551236749317,8.284255987436207,16.254416961130747,30.03533568904593,2.29681978798586,-9.305064782096572
CRWD,2024-08-29,CONTROL_B,OPERATING_ONLY,,1,,,,,-9.339365850069893,-4.708305745604358,10.284705363054503,5.116604134480962,17.788567645111453,10.623114838519832,36.9344515559479
LULU,2024-08-29,CONTROL_B,GROSS_ONLY,,1,,,,,-2.048532078237708,2.9011226418734104,1.2808147833802686,8.020523899540933,7.38397438370435,17.356583465144105,22.340959067937206
ANF,2024-09-06,CONTROL_B,OPERATING_ONLY,,1,,,,,8.606588702896879,8.384927004509656,10.402812810517448,11.82068332951156,19.827256745394784,0.3783535886264344,20.171214553237004
DOCU,2024-09-06,CONTROL_B,OPERATING_ONLY,,1,,,,,-4.277261200338122,-2.0118343195266286,4.209636517328819,7.878275570583271,22.231614539306843,20.219780219780215,35.68892645815724
LEN,2024-09-13,CONTROL_A,NONE,,0,,,,,-1.9251451925145213,0.5727038072703694,-1.984297698429771,-4.183695418369537,-6.850935685093573,-7.146698214669833,-10.741557324155727
APP,2024-09-16,OPERATING_ONLY,OPERATING_ONLY,SINGLE,1,,0.36198418877919936,,28.0,8.420056764427631,12.221553281155927,20.38358992001377,24.95054614259913,42.93024855938763,146.19420314784554,176.11593704308942
ENPH,2024-09-18,CONTROL_C,NONE,,0,,,,,-5.3638566296265395,-9.558024897652261,-12.035257749185401,-22.19065920294093,-31.11371041858133,-49.553011947531125,-39.017461776255324
ZETA,2024-09-20,CONTROL_A,NONE,,0,,,,,1.917098445595844,7.202072538860116,9.343696027633852,-3.609671848013807,-3.626943005181349,-39.20552677029361,-25.699481865284966
GE,2024-09-23,CONTROL_A,NONE,,0,,,,,-0.18544028822720104,-1.5418035392603557,2.108720991840629,2.972342905584391,-8.96471336229735,-5.9552823990675074,-12.154286319805019
NRG,2024-10-03,CONTROL_A,NONE,,0,,,,,-6.877125850340137,-8.577806122448973,-5.123299319727881,-3.8477891156462607,-2.6360544217687076,8.09948979591837,-2.0355017006802645
PLTR,2024-10-04,OPERATING_ONLY,OPERATING_ONLY,SINGLE,1,0.8104179999823043,0.15533655590193088,,43.0,8.72281929517622,7.373156710822304,12.09697575606099,4.798800299925032,64.45888527868033,65.93351662084478,89.10272431892028
VRT,2024-10-07,OPERATING_ONLY,OPERATING_ONLY,SINGLE,1,,0.17206063088897994,,51.0,5.3800731090074105,5.061392820320565,6.523572968413172,-0.398350360858557,15.30602680663604,20.151841784609626,10.92417283719187
NFLX,2024-10-18,OPERATING_ONLY,OPERATING_ONLY,SINGLE,1,,0.2961389265405784,,1.0,-1.1757697167285364,-1.025852531243665,4.089662260803539,7.864432966068979,17.52983613855228,20.56876878056446,10.273582497004941
VRT,2024-10-25,CONTROL_B,OPERATING_ONLY,,1,,,,,-4.65489566613162,12.163367219547006,7.775994292848232,24.977706438380597,12.528981630105228,4.64597824148385,30.328161227037633
SNAP,2024-10-30,CONTROL_B,OPERATING_ONLY,,1,,,,,-6.269841269841258,-11.746031746031749,-15.873015873015872,-7.857142857142863,-9.722222222222221,-12.857142857142856,-7.738095238095233
AMD,2024-10-30,CONTROL_B,GROSS_ONLY,,1,,,,,-2.461828210129813,-6.295822963610675,-7.469563462702622,-8.360799085222293,-12.127530772852623,-15.779915248537025,-21.033160691464303
CVNA,2024-10-30,CONTROL_B,GROSS_ONLY,,1,,,,,15.24949329215326,15.89132323134832,17.971238297461632,22.92732361741143,19.568574461924527,3.8171991120548254,18.543094295917385
RDDT,2024-10-31,CONTROL_A,NONE,,0,,,,,10.227177466677851,10.562494760667263,32.53416044932516,17.981389890183586,44.572051303545976,38.78782798222817,66.81616229357029
AMZN,2024-11-01,CONTROL_B,OPERATING_ONLY,,1,,,,,5.261295865763671,2.3779440008086405,-0.3992722126756387,6.474274739714936,17.734761952895983,10.921863944202958,20.11017891438389
UAL,2024-11-01,CONTROL_A,NONE,,0,,,,,8.788067122436294,13.325046612802982,18.384089496581723,21.16842759477937,18.65755127408326,20.683654443753884,31.572405220633915
PLTR,2024-11-05,CONTROL_B,OPERATING_ONLY,,1,,,,,17.04456606724005,23.084440969507437,28.53792025019548,36.55199374511338,39.640344018764665,56.118060985144666,102.95152462861611
APP,2024-11-06,CONTROL_B,OPERATING_ONLY,,1,,,,,68.43666567784037,93.1770987837437,95.06377929397803,124.9124888757045,89.16048650252148,110.70305547315336,118.50489469000296
CAT,2024-11-06,CONTROL_A,NONE,,0,,,,,-7.138403990024944,-8.483598695568773,-3.196336082869755,-5.363993861500093,-13.65336658354115,-12.699021676577793,-13.92672165739498
NET,2024-11-07,CONTROL_B,OPERATING_ONLY,,1,,,,,-3.90865861942834,8.993050112347811,4.394628207138007,18.116737210639066,17.740502691121907,18.82740241417149,47.95422480012541
NCLH,2024-11-08,CONTROL_C,NONE,,0,,,,,-3.312591508052709,-1.68374816983895,3.7152269399707283,-4.941434846266479,-4.904831625183014,-5.087847730600292,0.0
VST,2024-11-08,OPERATING_ONLY,OPERATING_ONLY,SINGLE,1,,0.5961759963142134,,1.0,0.23259092190583974,14.124612348463494,8.609388215393299,4.553143501550605,-3.016633775021149,13.328164646179875,17.542994079503814
HIMS,2024-11-11,OPERATING_ONLY,OPERATING_ONLY,SINGLE,1,0.7916355377581209,0.05571825598422138,,6.0,-24.654832347140044,12.46189707728169,15.581854043392497,10.597095212479823,0.8965393580778303,-8.69643177335485,60.552268244575934
UAL,2024-11-14,CONTROL_C,NONE,,0,,,,,3.4928990513790614,6.179744475516791,9.963261501343412,4.27153588857816,7.6876679278389926,15.095684597247349,10.708998190491847
IBKR,2024-11-20,CONTROL_A,NONE,,0,,,,,1.9518559940352453,-0.4633328007669024,-3.978271289343349,-7.469244288224964,1.174308995047113,11.737764286094677,20.354689247483627
PANW,2024-11-21,CONTROL_B,OPERATING_ONLY,,1,,,,,-2.4867365668451824,2.039174272711275,-1.1742224233738052,-53.05876140906691,-55.86482612959192,-52.8953257398607,-51.9624852279299
RKLB,2024-11-21,GROSS_ONLY,GROSS_ONLY,SINGLE,1,0.2671170139683994,-0.4951816655217159,,8.0,21.73136992414102,10.040160642570273,8.969210174029453,11.13342257920571,24.76572958500669,40.91923248549754,5.087014725568939
PG,2024-11-27,CONTROL_A,NONE,,0,,,,,-1.8342997323818166,-4.766949152542377,-5.6645851917930585,-5.463871543264953,-10.944469223907237,-7.331623550401433,-4.145294380017839
RDDT,2024-12-16,CONTROL_A,NONE,,0,,,,,-5.677125761959612,-8.149105311946958,-3.283800106744572,-1.794994241411274,12.149217674653778,10.255906064777086,-29.509255877974105
QUBT,2024-12-17,CONTROL_A,NONE,,0,,,,,1.8766756032171594,11.706881143878455,-46.529639559130175,-41.49538278224605,-40.66130473637175,-56.03217158176943,-48.644623175454285
AVGO,2024-12-24,CONTROL_C,NONE,,0,,,,,-3.2005007302315924,-6.46359273941165,-0.9680784477362758,-15.604005841852707,-1.927811391612766,-15.464218652201122,-21.441685791779687
JPM,2025-01-15,CONTROL_A,NONE,,0,,,,,5.358275206087493,6.297558655675317,9.694039315155356,9.513712745719726,4.843056436271409,-7.934369055168034,-6.41051046290424
GE,2025-01-23,CONTROL_A,NONE,,0,,,,,2.4459499850552957,2.6203048719736888,3.795954966623505,-0.42343329680184505,-3.439772840490185,1.6289728006376292,-11.133804921789391
Z,2025-01-30,CONTROL_C,NONE,,0,,,,,3.6639857015192234,-6.058981233243966,-10.777479892761399,-8.656538576109618,-15.889186773905262,-18.105451295799813,-21.489425081918377
AAPL,2025-01-31,CONTROL_B,GROSS+OPERATING,,2,,,,,-3.509069333785386,3.661637565689091,4.7614002373283615,0.9048143753178417,-9.234616036616384,-5.888709950839132,-10.484827936938467
RDDT,2025-02-04,CONTROL_A,NONE,,0,,,,,-0.7802703079281104,-11.945566857089773,-21.98225813942688,-21.708234638428316,-48.96196182248851,-49.17560726394501,-44.860898239747335
AFRM,2025-02-06,CONTROL_B,OPERATING_ONLY,,1,,,,,28.458049886621307,10.997732426303862,3.968253968253954,-15.792031098153547,-19.096209912536445,-41.86103012633624,-15.662455458373826
CRWD,2025-02-06,CONTROL_A,NONE,,0,,,,,7.868829068771999,-3.3268334443070535,-7.3432892609150535,-20.679159136307423,-13.811471511461992,-23.542280985446595,5.50746694568629
META,2025-02-11,CONTROL_A,NONE,,0,,,,,-2.272632558656429,-6.402544903940999,-8.855765624348845,-13.96502146220845,-15.14301193271007,-18.690874741272722,-16.961395807576373
TEM,2025-02-12,CONTROL_C,NONE,,0,,,,,3.8034650785056856,-25.243638332430972,-34.001082837033024,-42.96155928532755,-29.602057390362745,-45.38440714672441,-16.892257715213855
CSCO,2025-02-14,GROSS_ONLY,GROSS_ONLY,SINGLE,1,0.6589841774438263,0.17036341304819017,,59.0,-2.5123304562268745,-2.1270036991368646,-4.346485819975332,-6.149815043156592,-4.901356350184949,-11.482737361282357,-4.870530209617751
DIS,2025-02-20,CONTROL_C,NONE,,0,,,,,0.6513479283517309,-4.636330740003613,-12.375610638682833,-10.593450334720467,-19.685181834630004,-23.25854894155962,2.614438212411807
GILD,2025-03-06,CONTROL_A,NONE,,0,,,,,-2.361051271003878,-8.780697975010765,-4.230934941835418,-3.1710469625161553,-9.935372684187849,-10.685049547608783,-6.169754416199913
CRDO,2025-03-10,CONTROL_B,GROSS+OPERATING,,2,,,,,19.153251362656864,28.102421092660677,1.787298770439838,-8.936493852199256,-6.249207757637221,20.763087843833183,93.91557865382177
DELL,2025-03-25,CONTROL_B,OPERATING_ONLY,,1,,,,,-7.042396033593034,-26.560760902559956,-13.497925731053328,-9.774360012142058,-3.1366993827785072,13.224729333198425,20.813518162501275
DLTR,2025-03-26,CONTROL_B,GROSS_ONLY,,1,,,,,12.151221627873365,4.886511493422008,5.797310972965164,17.39193291889547,23.44947231458725,29.95518288275263,45.35203122741074
ALAB,2025-04-03,CONTROL_C,NONE,,0,,,,,5.930984902947523,6.092739036664274,18.745506829618975,28.07332854061826,62.79654924514737,67.0021567217829,59.5255212077642
NFLX,2025-04-24,OPERATING_ONLY,OPERATING_ONLY,SINGLE,1,,0.31746772039043514,,4.0,3.3326646728426557,4.37395141877599,7.3336858997738785,8.359015974906981,13.197534466408921,14.277117222262747,8.532259829309208
GOOGL,2025-04-25,CONTROL_B,OPERATING_ONLY,,1,,,,,1.3282263544819983,-5.63415086180269,2.6811638969543417,4.083523815407419,8.747760548588367,3.0147649348242433,17.569654661147837
AAPL,2025-05-02,CONTROL_B,GROSS_ONLY,,1,,,,,-3.3218060493887314,2.873703180556242,-4.875554040231844,-1.7656227168671768,-3.35590083288686,1.2201061808971847,1.7777994252593743
AMZN,2025-05-02,CONTROL_B,OPERATING_ONLY,,1,,,,,1.6909866722857103,8.32323658009797,5.928989095506498,8.881630932939988,13.870305009745554,16.140757519886193,21.282199863035345
HIMS,2025-05-05,CONTROL_B,OPERATING_ONLY,,1,,,,,31.593373852937678,48.5877726135145,27.136217375759752,30.54463115242523,41.12739840305088,13.073531164342755,57.81194136574901
NRG,2025-05-06,CONTROL_A,NONE,,0,,,,,33.980250502287014,36.49382293848586,33.43307827127773,34.21108878724404,30.483477963493357,35.46360022228872,43.35057495832084
APP,2025-05-07,CONTROL_B,OPERATING_ONLY,,1,,,,,23.976896875154253,17.954287406822345,26.42543318359085,36.40058580572969,6.902963584604493,13.58049069457472,29.930394431554518
AMD,2025-05-07,CONTROL_B,GROSS_ONLY,,1,,,,,17.297728178557193,11.658031088082899,12.659426066161817,15.289956157831796,27.794938222399356,34.27660422479075,76.13591072140295
NRG,2025-05-08,CONTROL_A,NONE,,0,,,,,28.769742310889445,29.002493765586035,29.642560266001674,29.65918536990855,26.350789692435583,25.735660847880304,43.05901911886949
OSCR,2025-05-08,CONTROL_B,OPERATING_ONLY,,1,,,,,-3.0462800234329235,-15.875805506736974,-19.2149970708846,-9.666080843585235,19.507908611599277,-3.0462800234329235,-19.039250146455768
PLTR,2025-05-13,OPERATING_ONLY,OPERATING_ONLY,SINGLE,1,0.804300479150992,0.19918199252139773,,6.0,-1.9520574685718772,-3.3731553056921992,1.4913719059889141,6.5432966346529176,12.64933239634576,10.951042398688227,45.07691106426175
LEN,2025-05-16,CONTROL_C,NONE,,0,,,,,-5.96387696709585,-6.102467811158796,-1.3590844062947194,-2.145922746781126,3.2635908440629358,-2.1280400572246116,17.042203147353362
MRVL,2025-05-30,CONTROL_B,OPERATING_ONLY,,1,,,,,13.64656964656965,11.783783783783775,17.721413721413715,28.698544698544694,20.3991683991684,26.98544698544698,23.57588357588356
PATH,2025-06-03,CONTROL_B,OPERATING_ONLY,,1,,,,,1.4181678804139564,-4.867765427366811,-4.40781908777309,-1.5714833269451889,-5.404369490226147,-9.927175162897662,-13.760061326178608
PL,2025-06-04,CONTROL_B,OPERATING_ONLY,,1,,,,,36.00000000000001,27.750000000000007,51.125,71.50000000000001,69.75,54.49999999999999,77.25
RTX,2025-06-05,CONTROL_A,NONE,,0,,,,,1.3805996979938229,5.421730063996555,3.9764147551592632,4.947148917811162,8.995469907240983,13.151650248076518,13.575897030272532
COST,2025-06-05,CONTROL_B,OPERATING_ONLY,,1,,,,,-0.8229719971908245,-3.100487650474304,-2.5841518541598663,-1.9011444454336002,-6.301868502527275,-5.502636082178503,-7.1574824178759044
DOCU,2025-06-06,CONTROL_B,OPERATING_ONLY,,1,,,,,-1.5612543183630256,-1.7804942864735662,3.5078394897688048,3.5742758437417033,8.118522455487632,-1.9000797236247813,0.7972362476747152
RKLB,2025-06-23,GROSS_ONLY,GROSS_ONLY,SINGLE,1,0.2875686348097806,-0.482895348742341,,31.0,9.075655887736422,18.09029896278218,36.18059792556436,42.99877974374618,36.54667480170835,24.86272117144599,46.56802928615009
CASY,2025-06-24,CONTROL_A,NONE,,0,,,,,0.006848510938062269,2.24239815285876,1.377529057253546,2.5652565256525595,2.0173756506085327,0.5654913317418853,6.345634563456337
XOM,2025-06-24,CONTROL_C,NONE,,0,,,,,0.8211847204281142,4.982469090238051,3.5523159254475134,1.4855139324598587,-1.6977302085255497,0.147628713784842,5.120871009411343
VST,2025-06-27,CONTROL_A,NONE,,0,,,,,-0.6665299425758775,-0.08203445447088065,-3.463392124692366,0.4332444626743204,2.6917555373256796,-2.5789581624282243,4.716981132075482
ORCL,2025-06-30,CONTROL_A,NONE,,0,,,,,7.254597017656206,7.478730216814555,8.94017015826547,14.394840362272433,16.078126429420927,7.151678711920217,41.08498764980331
DASH,2025-06-30,OPERATING_ONLY,OPERATING_ONLY,SINGLE,1,,0.05112137203166227,,37.0,-2.1084215221181535,-4.018164862344397,-2.7693305761667175,-1.4150752138831435,7.22539837002798,0.86161456432714,5.749503304545267
JPM,2025-07-02,CONTROL_A,NONE,,0,,,,,-1.3123179715607503,-0.6373136885386321,1.634401233510352,1.5110501970190038,0.7709439780709371,3.135172177488421,8.32962138084632
PLTR,2025-07-14,CONTROL_C,NONE,,0,,,,,1.7732636095467935,5.839367122552974,7.756771252346462,22.512737999463674,5.343255564494509,8.822740681147767,22.097076964333606
CAT,2025-07-17,CONTROL_A,NONE,,0,,,,,2.680407441059729,4.753479030175511,-0.21997991487734403,-0.16498493615801912,3.9955047582612035,3.168188991439913,17.54100712543636
NFLX,2025-07-18,CONTROL_B,OPERATING_ONLY,,1,,,,,-2.3566684037686803,-4.173180799232368,0.24484866532659133,2.5146619682193005,-0.0165438287382913,-0.5806883887138015,0.8015485023698865
SCHW,2025-07-21,CONTROL_A,NONE,,0,,,,,1.7142857142857126,0.8935064935065018,1.4857142857142902,-0.10389610389609505,-0.19740259740259614,-5.496103896103898,-2.9714285714285693
SMR,2025-07-24,CONTROL_A,NONE,,0,,,,,-1.742023879428456,-12.419260129183806,-29.692699158348013,-34.546878058328446,-32.40360148757097,-8.475239772949706,-13.36856527696223
RTX,2025-07-25,CONTROL_A,NONE,,0,,,,,-0.04780724120345692,-1.2143039265680833,-1.7848036715961135,-0.38245792962773306,-1.7114992350841463,1.6573176950535506,2.422233554309039
MARA,2025-07-29,CONTROL_B,OPERATING_ONLY,,1,,,,,-6.069711538461542,-5.46875,-8.774038461538469,-4.807692307692313,-4.687500000000011,6.009615384615374,15.14423076923077
MMM,2025-07-29,CONTROL_C,NONE,,0,,,,,-1.1495767317763916,3.995520274053832,1.670015481405862,3.1786290721038446,1.1759280608715894,1.8478869527981834,10.161731282321561
EOSE,2025-07-30,CONTROL_B,OPERATING_ONLY,,1,,,,,9.290540540540547,7.263513513513509,1.0979729729729826,20.43918918918919,22.12837837837838,77.19594594594594,142.65202702702703
SCHW,2025-07-30,CONTROL_A,NONE,,0,,,,,-1.871576384662199,-3.078717792655705,-3.1142219517143355,-1.7752079529316345,-4.7169811320754595,-3.844593223777637,-4.006897950902822
LEN,2025-08-01,CONTROL_C,NONE,,0,,,,,4.146194293595373,13.740194810792161,17.015774502198088,14.714248771657612,15.313335057322641,10.042237738126026,10.99043185932247
MSFT,2025-08-04,CONTROL_C,NONE,,0,,,,,-2.5283836271287607,-3.4340454138033993,-5.826112936958472,-5.665521362414094,-4.9493949805796245,-3.249178368688377,1.2231102479832723
NRG,2025-08-04,CONTROL_A,NONE,,0,,,,,-12.602046682764168,-13.533402322639986,-16.775899735541,-16.5976773600092,-5.685868690352991,-6.916177992411177,-0.6151546510290817
PLTR,2025-08-05,CONTROL_B,OPERATING_ONLY,,1,,,,,7.927480585467261,-8.90037241259851,-7.116256242963126,-10.569011807500218,-2.797424867923437,6.775599757498774,14.778140246542915
APLD,2025-08-05,CONTROL_A,NONE,,0,,,,,0.46979865771812346,2.88590604026846,10.536912751677852,-3.489932885906033,33.22147651006713,67.8523489932886,130.93959731543623
RUN,2025-08-06,CONTROL_B,OPERATING_ONLY,,1,,,,,21.286031042128606,71.45232815964523,75.22172949002217,82.26164079822618,80.4878048780488,112.52771618625279,117.4057649667406
BROS,2025-08-07,CONTROL_B,OPERATING_ONLY,,1,,,,,-10.132158590308372,-10.302685803609501,5.499502628961195,-6.195822083274116,-16.697456302401605,-28.165411396902094,-21.109847946568138
LYFT,2025-08-07,CONTROL_B,OPERATING_ONLY,,1,,,,,2.8149190710766936,11.365235749472191,13.511611541168179,17.24137931034482,58.972554539056986,54.67980295566501,44.05348346235045
RKLB,2025-08-07,CONTROL_B,GROSS_ONLY,,1,,,,,-3.2323688969258635,-6.103074141048825,8.295660036166353,3.616636528028927,7.933996383363473,26.92133815551536,42.35985533453888
FUBO,2025-08-11,CONTROL_B,OPERATING_ONLY,,1,,,,,4.722222222222228,-3.472222222222221,4.722222222222228,13.472222222222218,23.888888888888893,7.916666666666661,1.9444444444444375
DJT,2025-08-21,CONTROL_C,NONE,,0,,,,,3.3678756476683835,-3.914795624640177,-2.1301093839954044,0.28785261945885043,-0.11514104778352907,-6.793321819228549,-36.21185952792171
AEO,2025-08-27,CONTROL_C,NONE,,0,,,,,42.15500945179584,48.35538752362951,49.03591682419661,34.593572778828,14.631379962192813,25.255198487712672,32.627599243856324
MRVL,2025-08-29,CONTROL_B,OPERATING_ONLY,,1,,,,,4.995624850847191,7.302521676875351,20.085912019727957,31.174926417946082,42.2639408161642,41.14231166971602,33.27499801129583
CRDO,2025-09-04,GROSS+OPERATING,GROSS+OPERATING,DOUBLE,2,0.6740722809471297,0.2722952921452074,,1.0,18.914682391580207,28.61834739120699,8.23318653429872,11.748899007240432,1.9258042845413215,24.303948645219076,32.52967082182578
DOCU,2025-09-05,CONTROL_B,OPERATING_ONLY,,1,,,,,0.4133784291619591,5.950144056119244,2.0919453839408853,-12.745834899160712,-14.887886759363656,-8.374044845296257,-14.374295377677559
ANF,2025-09-05,CONTROL_B,OPERATING_ONLY,,1,,,,,-8.28179054408219,-4.738442184715375,-9.969598490407805,-11.479190690848096,-28.210504245728064,-23.912359786141103,6.782681622811615
SNOW,2025-09-05,CONTROL_B,OPERATING_ONLY,,1,,,,,-1.9547872340425543,2.1719858156028504,-0.42109929078013586,4.224290780141837,6.702127659574475,21.852836879432623,11.795212765957451
APP,2025-09-08,OPERATING_ONLY,OPERATING_ONLY,SINGLE,1,,0.760817443281213,,23.0,8.360751626818752,17.602544417635446,30.214959420925624,7.269503546099276,3.460188637859174,15.548000292461793,19.345433940191548
SNDK,2025-09-08,CONTROL_A,NONE,,0,,,,,27.780141843971617,45.95744680851064,61.02127659574468,71.80141843971633,110.0921985815603,193.70212765957447,191.16312056737593
GME,2025-09-09,CONTROL_B,OPERATING_ONLY,,1,,,,,11.588983050847457,13.516949152542356,15.593220338983048,3.072033898305082,-3.347457627118655,-6.864406779661025,-1.5254237288135686
APLD,2025-09-12,CONTROL_A,NONE,,0,,,,,9.58757364756293,16.17568291376539,42.09962506695233,81.92287091590788,79.4322442420996,65.93465452597749,72.04070701660414
SOFI,2025-09-12,CONTROL_A,NONE,,0,,,,,11.293363499245856,5.505279034690802,-4.84539969834088,-1.2443438914027105,9.42684766214179,6.46681749622926,4.09125188536954
IONQ,2025-09-12,CONTROL_A,NONE,,0,,,,,26.722432092102878,21.073934160820308,31.786292498650838,27.145169994603346,8.4727468969239,6.601906817772973,-2.158661629789538
CDE,2025-09-19,CONTROL_A,NONE,,0,,,,,5.912743972445456,7.520091848450039,12.313432835820892,20.83811710677381,-1.4351320321469574,-14.867967853042485,-2.9276693455797975
PL,2025-09-23,OPERATING_ONLY,OPERATING_ONLY,SINGLE,1,0.5759681683154825,-0.2447333278827024,,12.0,7.714641227706354,29.98755703027789,22.687681459975106,6.926586478639574,5.350476980506014,-5.018664454583166,36.45790128577353
CDE,2025-09-23,CONTROL_A,NONE,,0,,,,,3.993344425956735,4.381586245146973,16.472545757071533,2.468108707709371,-23.51636161952303,-20.244037714919582,-4.6034387132556915
RGTI,2025-09-24,CONTROL_A,NONE,,0,,,,,-5.413105413105413,36.89458689458689,78.34757834757835,14.10256410256412,18.075340297562505,-19.452358341247233,-27.904400126622352
JPM,2025-09-26,CONTROL_A,NONE,,0,,,,,-1.9547064777327927,-4.804529352226716,-5.875189777327949,-4.9595141700404906,-0.5993800607287603,-5.886260121457498,2.174531882591091
RTX,2025-09-26,CONTROL_A,NONE,,0,,,,,2.0238204586509934,-3.4444750620005515,-3.2791402590245378,9.433269036465507,8.355531061510657,3.9037384036006317,13.695232846514171
CIFR,2025-10-07,CONTROL_A,NONE,,0,,,,,32.71918678526049,14.83481575603558,26.874205844980924,43.01143583227447,-7.496823379923756,18.36086404066073,2.890724269377376
DJT,2025-10-09,CONTROL_C,NONE,,0,,,,,-7.586408904510833,-6.912712360867013,-10.193321616871708,-21.997656707674285,-39.3087287639133,-33.391915641476274,-16.051552431165796
VRT,2025-10-23,OPERATING_ONLY,OPERATING_ONLY,SINGLE,1,,0.19310112863442708,,2.0,5.8039858039858006,-0.1092001092001138,-10.690690690690696,-12.896532896532896,3.2050232050232053,-12.740922740922745,-0.917280917280916
GM,2025-10-24,CONTROL_A,NONE,,0,,,,,-0.8324960528204417,1.5573417539830547,1.105210277020241,0.961676474809825,8.676618343619925,19.154585904980625,16.427443662982633
BAC,2025-10-24,CONTROL_A,NONE,,0,,,,,1.6733219243202146,1.197946377638326,0.0,-1.9205172085947964,2.5099828864802998,6.198897128731695,-0.32325537174368035
BE,2025-10-29,OPERATING_ONLY,OPERATING_ONLY,SINGLE,1,0.2954721222758805,0.015284485059347673,,2.0,5.474534440206402,-5.190337297135605,-18.528905840999176,-24.231545882880866,-18.461595991324508,-32.57796724253983,13.918181138284336
MSFT,2025-10-29,OPERATING_ONLY,OPERATING_ONLY,SINGLE,1,0.6904587179586213,0.48872838695557014,,1.0,-6.536387519011832,-5.730746186108671,-10.232751071576708,-10.525879153800055,-10.834677605198873,-10.061298797068707,-11.397889109093406
NET,2025-10-31,OPERATING_ONLY,OPERATING_ONLY,SINGLE,1,0.7396637528090287,-0.0666516021472278,,2.0,-8.06585336965533,-16.76734178214695,-26.475581349441356,-22.14457736191717,-22.355797702238544,-21.14967033834735,-28.65490149630857
CRWD,2025-11-03,CONTROL_A,NONE,,0,,,,,1.0263703811068003,-4.022139887126441,-8.19375118897716,-6.3819764650463355,-11.512922483218446,-15.051318519055346,-19.99927529011043
PLTR,2025-11-04,CONTROL_B,GROSS+OPERATING,,2,,,,,0.2361832782239004,-12.171311604471736,-14.13950558967092,-7.5631134204587225,-6.943788379782701,-11.895764446543843,-22.43741143127067
AMD,2025-11-05,CONTROL_B,GROSS_ONLY,,1,,,,,1.233650706758671,-12.61608242585388,-16.264247590373227,-15.501769340554073,-21.390447516080478,-13.562337484603804,-5.196582533382854
EOSE,2025-11-05,CONTROL_B,OPERATING_ONLY,,1,,,,,16.145307769929374,-14.093508240834174,-4.406323578876547,4.944500504540872,-17.08711738984192,-9.519004372687522,-3.0608812647157757
IONQ,2025-11-05,CONTROL_B,OPERATING_ONLY,,1,,,,,-8.413070951435287,-13.558404044051265,-15.27351507492327,-1.1283625203105219,-16.167178191009203,-12.077992417403859,-30.54703014984654
LYFT,2025-11-05,CONTROL_B,OPERATING_ONLY,,1,,,,,22.12829438090502,5.420188960716055,0.19890601690699672,11.984087518647435,-1.2431626056688239,-4.7737444057682765,-16.757831924415722
ZETA,2025-11-05,CONTROL_B,OPERATING_ONLY,,1,,,,,2.6065162907268125,-15.388471177944862,-8.822055137844597,-6.992481203007516,-10.350877192982445,8.646616541353392,-11.203007518796992
AFRM,2025-11-06,CONTROL_B,OPERATING_ONLY,,1,,,,,10.956099780119821,-5.284706952763651,7.680642960042472,3.093486996739725,15.528091591477766,24.85404503753128,-5.724467359162921
DASH,2025-11-06,CONTROL_B,OPERATING_ONLY,,1,,,,,-0.6614429632644692,-4.502900172992774,0.8853159662155274,14.434720667548584,19.283606390556642,16.69380278823649,-0.3358095044265763
RUN,2025-11-06,CONTROL_B,OPERATING_ONLY,,1,,,,,-7.342829076620827,-12.475442043221996,-0.5402750491159125,-13.629666011787812,-10.388015717092337,-10.11787819253438,1.8172888015717037
SNAP,2025-11-06,CONTROL_B,OPERATING_ONLY,,1,,,,,7.16957605985038,-2.867830423940143,-4.364089775561098,-1.3715710723191998,-5.610972568578543,9.725685785536164,-26.496259351620953
GM,2025-11-07,CONTROL_A,NONE,,0,,,,,-0.4451982192071213,-0.5865309872093771,3.1163875344498493,7.010105292912172,17.327397357077245,15.758603632252143,17.723129107483572
ABNB,2025-11-12,CONTROL_C,NONE,,0,,,,,-5.965979127290644,-4.043060235023422,-0.7190401840742822,5.1935245295422705,12.44555838606296,13.805571534226324,-1.1340290903114392
RIVN,2025-11-24,CONTROL_C,NONE,,0,,,,,13.438735177865603,16.73254281949934,17.984189723320164,39.45981554677209,30.89591567852439,5.006587615283276,-1.3504611330698246
UNH,2025-11-26,CONTROL_C,NONE,,0,,,,,1.1538694808345573,2.128820960698685,-0.48216885007277277,0.6246967491508881,3.27207666181466,-14.307375060650173,-13.807011159631244
CRDO,2025-12-02,GROSS+OPERATING,GROSS+OPERATING,DOUBLE,2,0.6754767243598593,0.2939853074503688,,1.0,-9.693850480182531,-25.518650183053005,-21.616172335119654,-23.672202472542057,-20.883960311985984,-33.522576537379955,-39.37496683822359
MRVL,2025-12-03,CONTROL_B,OPERATING_ONLY,,1,,,,,-7.7629215725404155,-18.42945519856316,-13.7198164039114,-10.836160447016564,-19.716623428457403,-21.52265016962681,-22.64518060267411
SNOW,2025-12-05,CONTROL_B,OPERATING_ONLY,,1,,,,,-4.7591993706843745,-2.7882178131282243,-2.6068525478542104,2.473560003496189,-9.75876234594878,-27.816624420942226,-22.449960667773794
CVNA,2025-12-05,CONTROL_A,NONE,,0,,,,,13.969024445167255,12.687967573247928,8.479495583856679,10.179648209773063,13.881452198063382,-1.716416043235669,-17.16165836815373
DOCU,2025-12-05,CONTROL_B,OPERATING_ONLY,,1,,,,,8.291457286432147,6.639256890513168,5.771280645652488,-0.7537688442211143,-14.656616415410383,-28.818334094716015,-26.54179990863408
DHI,2025-12-05,CONTROL_C,NONE,,0,,,,,-1.3744404514217323,-7.2252695290334845,-7.9629279364479055,-8.908643843389463,-0.1260954542588899,-0.2364289767353922,-5.491457032973967
PATH,2025-12-08,CONTROL_B,OPERATING_ONLY,,1,,,,,-16.226023846552618,-13.374805598755824,-13.504406428201143,-7.568688439606019,-21.41005702436495,-37.42871954380508,-38.5692068429238
APP,2025-12-09,OPERATING_ONLY,OPERATING_ONLY,SINGLE,1,,0.7679519161308,,24.0,-6.538780016560864,0.5009660502346192,-7.006624344465906,-14.922715981231027,-27.629036709908917,-43.88076179961359,-28.60060723157605
PL,2025-12-10,CONTROL_B,OPERATING_ONLY,,1,,,,,26.733436055469937,56.43297380585515,57.20338983050848,75.03852080123265,99.42218798151,84.9768875192604,95.76271186440677
CVNA,2025-12-11,CONTROL_A,NONE,,0,,,,,-1.5217253275201625,-7.174755021270296,-8.956803318588747,-1.7122055493237975,1.099494169188775,-17.08925056614955,-34.50866685009206
CAT,2025-12-15,CONTROL_C,NONE,,0,,,,,-1.1786253328132545,-2.0842165957230208,1.1531873759899725,8.35043329319789,12.715586684077529,28.65161870198587,17.706513812810563
PLTR,2025-12-18,CONTROL_C,NONE,,0,,,,,1.6479965532098184,-6.328091339939679,-3.376777251184837,-9.230934941835422,-14.966609220163729,-27.108466178371394,-17.729426971133144
RKLB,2025-12-19,GROSS_ONLY,GROSS_ONLY,SINGLE,1,0.36957699251998966,-0.38024890379159143,,29.0,-0.6167151059757625,21.981994754377276,22.719217409796567,24.576451407102873,3.6932019564755114,8.65527752179769,1.8430566385482239
AVGO,2026-01-09,CONTROL_C,NONE,,0,,,,,1.9744281116813145,-5.801513438288264,-3.9952451364124064,-0.30442724188919357,-5.644950856745245,-0.6972833492795316,
XOM,2026-01-29,CONTROL_A,NONE,,0,,,,,3.9592679626860416,6.740012817773988,4.892117069002344,8.659118421989609,11.187068290251357,21.7688528092288,
AAPL,2026-01-30,CONTROL_B,GROSS+OPERATING,,2,,,,,7.353508839651046,-1.2757662317609886,2.8333204663012257,2.1790318845055223,-2.4087084073187714,-4.763375279857951,
JNJ,2026-02-04,CONTROL_A,NONE,,0,,,,,2.7169972275538523,5.293239496694402,3.8302409895500267,2.205161015141832,1.3563659628918812,3.659628918746005,
AFRM,2026-02-05,CONTROL_B,OPERATING_ONLY,,1,,,,,-16.362412719777907,-14.057373601413314,-20.972490956507116,-13.005804660553554,-26.25557331538656,-18.43190039538993,
FUBO,2026-02-05,CONTROL_B,OPERATING_ONLY,,1,,,,,-16.408668730650145,-22.291021671826627,-26.93498452012384,-27.244582043343645,-29.721362229102166,647.9876160990713,
FUBO,2026-02-05,CONTROL_B,OPERATING_ONLY,,1,,,,,-16.408668730650145,-22.291021671826627,-26.93498452012384,-27.244582043343645,-29.721362229102166,647.9876160990713,
VRT,2026-02-11,CONTROL_A,NONE,,0,,,,,-2.1268889470189456,4.271887639092897,0.472865565325864,6.8112763345876015,1.7103648107531733,,
PANW,2026-02-18,CONTROL_B,OPERATING_ONLY,,1,,,,,-4.936002625533298,4.082704299310791,8.224483098129308,10.863144076140463,5.461109287824084,,
HON,2026-02-20,GROSS_ONLY,GROSS_ONLY,SINGLE,1,0.3669974915476061,,,4.0,-0.13324313797838938,-3.536067892503536,-3.8681507902343037,-9.160978209622206,-6.436668511571653,,
QBTS,2026-02-24,CONTROL_C,NONE,,0,,,,,-2.1972132904608754,0.643086816720273,-6.3236870310825255,-14.683815648445876,,,
CASY,2026-02-26,CONTROL_A,NONE,,0,,,,,-1.7323722879034387,-1.3294950116468196,-2.590134634260688,4.271231632458727,,,
CRDO,2026-03-03,CONTROL_B,GROSS+OPERATING,,2,,,,,15.501207419205688,6.879720495298769,3.159841751014758,-3.5400503519498416,,,
CVX,2026-03-17,CONTROL_A,NONE,,0,,,,,4.4136955863044,4.494495505504492,,,,,
MU,2026-03-17,CONTROL_A,NONE,,0,,,,,-14.336292767431779,-26.909917713295805,,,,,
MU,2026-03-19,CONTROL_B,GROSS+OPERATING,,2,,,,,-19.97771876125315,-17.578546993158085,,,,,
CVX,2026-03-19,CONTROL_A,NONE,,0,,,,,3.1873696753053293,-1.2163638169000013,,,,,
VLO,2026-03-26,CONTROL_A,NONE,,0,,,,,-1.6481966552488458,,,,,,
HIMS,2026-03-27,CONTROL_C,NONE,,0,,,,,4.85036119711042,,,,,,
